Threshold,Resolution,Obstacle %,Base V #,Base E #,D(0) V #,D(0) E #,D(1) V #,D(1) E #,D(2) V #,D(2) E #,D(3) V #,D(3) E #,D(4) V #,D(4) E #
0.44459849980770594,9.323371920484224,0.6611328125,347,2302,140,670,45,329,6,67,0,0,0,0
0.5166238507626224,10.496324701178931,0.431640625,582,4000,147,680,65,423,20,160,0,0,0,0
0.6307694354332746,13.191711446435013,0.1474609375,873,6438,126,672,73,476,32,242,3,27,0,0
0.6907397909449129,13.473258606680885,0.1884765625,831,5996,111,534,52,321,23,156,6,41,0,0
0.36647152626911983,12.502214602268852,0.7646484375,241,1562,100,472,35,245,3,36,0,0,0,0
0.3807105309623891,6.216301001150246,0.74609375,260,1356,164,678,32,187,0,0,0,0,0,0
0.4482838983338181,9.467922796066574,0.572265625,438,2868,174,822,60,430,7,76,0,0,0,0
0.5127723133520685,6.524148178682211,0.486328125,526,3340,214,958,68,451,9,79,0,0,0,0
0.32722397810123327,9.614765142268183,0.84765625,156,928,84,370,20,140,1,12,0,0,0,0
0.2393854169632894,9.237090021627328,0.8916015625,111,660,60,278,17,118,0,0,0,0,0,0
0.3793326191316405,9.214363384903411,0.806640625,198,1128,102,410,28,167,1,12,0,0,0,0
0.7463879179847628,12.015187573011259,0.123046875,898,6568,100,476,46,280,23,156,8,52,0,0
0.7931090719348068,11.36142708457642,0.0810546875,941,7020,71,324,34,207,16,118,8,72,1,15
0.7374775686610591,9.070720091827088,0.068359375,954,7100,78,386,48,283,25,166,5,41,1,8
0.5935527126511018,13.98822882504861,0.337890625,678,4858,114,554,56,354,25,187,2,17,0,0
0.3383960418396782,7.5417789266186475,0.84765625,156,846,102,438,18,125,0,0,0,0,0,0
0.6615471907548744,11.2332872670248,0.1708984375,849,6274,102,520,53,343,25,186,6,52,0,0
0.7570241017445165,9.949468756527082,0.05078125,972,7286,81,416,53,326,29,204,8,64,0,0
0.21763784278703469,10.4782964077698,1.0,0,0,0,0,0,0,0,0,0,0,0,0
0.643982370123346,9.704223677444336,0.171875,848,6140,170,902,86,577,27,228,2,14,0,0
0.2055264396935035,8.433440608380842,0.951171875,50,246,38,150,4,32,0,0,0,0,0,0
0.20375140776138326,14.519250801261839,1.0,0,0,0,0,0,0,0,0,0,0,0,0
0.37391576409665345,10.849033227110155,0.76171875,244,1498,115,522,35,233,2,18,0,0,0,0
0.40856631841733315,7.908766464061708,0.693359375,314,1958,158,756,48,349,1,13,0,0,0,0
0.2619048013113947,9.665334665018992,0.8759765625,127,752,76,348,13,101,1,8,0,0,0,0
0.6351272980241722,9.521201667250452,0.19140625,828,5978,153,790,77,507,33,257,1,9,0,0
0.24569135466316755,11.07155994771711,0.970703125,30,152,18,68,4,23,0,0,0,0,0,0
0.44656025795023513,9.21968889469601,0.66796875,340,2078,157,696,45,303,4,34,0,0,0,0
0.32702941788219514,14.681128420114572,0.9384765625,63,346,30,110,7,43,1,7,0,0,0,0
0.7429284667499916,6.4418944958644495,0.095703125,926,6752,125,602,63,387,23,165,7,61,0,0
0.2556822048530861,9.911125379260236,0.9453125,56,282,35,130,7,42,0,0,0,0,0,0
0.5241829687801232,8.618660953684955,0.3935546875,621,4186,207,986,74,501,16,146,0,0,0,0
0.35205876608410047,7.640424689787551,0.853515625,150,808,90,370,20,130,0,0,0,0,0,0
0.4602782767425963,11.444171939325525,0.646484375,362,2416,110,498,32,218,9,91,1,20,0,0
0.5166173302208923,13.797587071849204,0.4345703125,579,4134,117,554,46,306,15,131,3,35,0,0
0.6266355080646102,13.711737839921154,0.2412109375,777,5656,120,596,55,353,13,103,7,65,0,0
0.3086766842975265,8.556346331939348,0.859375,144,818,90,406,18,129,0,0,0,0,0,0
0.6229272088184905,11.958457467491506,0.267578125,750,5288,123,566,61,352,17,128,5,42,0,0
0.25227295353191764,8.361297095026682,0.90625,96,548,57,254,13,91,0,0,0,0,0,0
0.7231843072524118,7.618362271268509,0.1142578125,907,6594,136,684,69,428,19,149,7,62,0,0
0.39505275270850504,10.80360531167709,0.7587890625,247,1510,112,496,33,216,3,29,0,0,0,0
0.3063311358292431,11.547997266550379,0.91796875,84,428,48,172,8,45,1,8,0,0,0,0
0.3410747037016978,10.506172489346406,0.7841796875,221,1414,92,446,35,243,2,19,0,0,0,0
0.6135064803109531,10.042513236109292,0.306640625,710,4972,170,814,76,478,18,163,2,19,0,0
0.42648269615831425,9.34994954746761,0.5791015625,431,2818,164,780,53,369,9,77,0,0,0,0
0.4822508960644131,10.630985018063512,0.4912109375,521,3568,143,660,50,338,15,126,1,9,0,0
0.6585135043313642,7.525442856243139,0.1767578125,843,6056,183,928,72,506,17,171,5,72,0,0
0.5468747733925825,14.970098376678227,0.3349609375,681,4852,108,486,51,308,15,122,5,52,0,0
0.31292124073126715,12.71952488268222,0.7666015625,239,1578,89,444,38,253,3,22,0,0,0,0
0.4462909690359872,14.631131377019583,0.6025390625,407,2766,140,672,49,352,10,95,0,0,0,0
0.32383920514193093,7.013857634683118,0.8798828125,123,602,78,288,15,89,0,0,0,0,0,0
0.4894319823603443,11.7464998524501,0.5498046875,461,3102,152,736,55,384,12,98,0,0,0,0
0.3107816821941535,9.53983268002894,0.794921875,210,1352,93,434,27,205,3,39,0,0,0,0
0.5601137138522673,9.926464164840697,0.33984375,676,4728,175,862,79,526,22,185,0,0,0,0
0.4005092490670351,6.725716316281779,0.7529296875,253,1456,133,570,36,238,1,5,0,0,0,0
0.4271335607952316,14.375736695006006,0.6611328125,347,2370,95,434,36,238,12,98,0,0,0,0
0.7389852887829007,6.8312294127076285,0.103515625,918,6710,156,830,82,541,27,212,4,40,0,0
0.2824544758626205,8.288626598408838,0.8212890625,183,1018,105,452,26,170,0,0,0,0,0,0
0.2498712795373923,7.314274867442222,0.94921875,52,222,40,138,4,22,0,0,0,0,0,0
0.49951430223289667,10.931969919585304,0.5263671875,485,3292,119,528,54,329,17,136,0,0,0,0
0.4702979123271823,7.637441929359415,0.6025390625,407,2544,173,774,54,361,6,54,0,0,0,0
0.66437890273052,7.627941997633229,0.244140625,774,5360,183,836,65,417,17,163,4,60,0,0
0.300676238261782,14.242103883483047,0.875,128,790,68,304,8,76,3,40,0,0,0,0
0.7801997629964701,9.131069677565783,0.02734375,996,7524,54,280,34,206,22,141,4,28,2,12
0.3278214501179789,11.3004916662385,0.8310546875,173,1058,71,310,22,134,3,24,0,0,0,0
0.40854034597934,13.718402705992968,0.6982421875,309,2106,99,478,38,254,8,77,0,0,0,0
0.22506574794657241,10.260763384615494,0.9296875,72,420,33,148,13,77,0,0,0,0,0,0
0.7570375696880158,7.192132188567138,0.0810546875,941,6922,143,746,74,473,24,210,6,58,0,0
0.5298037922811158,5.162031178471432,0.4013671875,613,3790,310,1478,85,602,4,35,0,0,0,0
0.35564395250945613,9.477682859939211,0.701171875,306,1984,126,594,40,278,5,48,0,0,0,0
0.2144824647229766,9.8836883555579,0.8974609375,105,620,57,258,12,85,1,10,0,0,0,0
0.4534702628539256,14.108264271911695,0.7607421875,245,1610,89,408,32,209,5,52,0,0,0,0
0.6431017262672709,13.472970725843604,0.1298828125,891,6692,90,454,47,302,23,168,8,65,0,0
0.3574036752936355,8.43112537096498,0.78125,224,1270,131,576,31,206,0,0,0,0,0,0
0.39776040680127633,9.174550647980753,0.744140625,262,1618,121,536,35,245,3,31,0,0,0,0
0.6161979150507946,11.328694534933778,0.287109375,730,5244,127,626,65,413,22,170,3,26,0,0
0.24898192946408187,14.179174995858405,0.87109375,132,880,54,268,18,132,2,17,0,0,0,0
0.6535103438656085,14.617207122015262,0.1025390625,919,6848,73,364,38,235,17,121,7,51,1,12
0.766015944864791,7.964257863647466,0.0498046875,973,7250,103,530,54,340,23,163,9,71,0,0
0.7790800192654082,10.532445726517668,0.0361328125,987,7460,78,434,51,320,23,149,6,44,1,7
0.759866032959194,13.433809065125942,0.0703125,952,7130,64,328,44,260,27,168,5,35,1,8
0.737512789317244,11.795509443321695,0.0908203125,931,6906,76,366,37,226,18,117,7,50,1,7
0.6827817255442399,12.876301778809154,0.2080078125,811,5908,124,640,57,378,23,158,5,30,0,0
0.25044876683187883,7.360049921857685,0.8984375,104,536,71,292,11,74,0,0,0,0,0,0
0.6043484031820511,13.51494505861747,0.3095703125,707,5064,113,524,50,305,21,149,4,38,0,0
0.23551558655366245,10.651505257917048,0.9306640625,71,402,44,204,9,60,0,0,0,0,0,0
0.2839769483594234,5.7273726376282985,0.888671875,114,514,84,296,10,62,0,0,0,0,0,0
0.7590357482821495,9.256267636157165,0.0751953125,947,7032,110,570,63,394,30,206,6,53,0,0
0.562679176822958,10.508934785010378,0.384765625,630,4344,162,778,72,472,21,173,0,0,0,0
0.7578865480988684,7.428407925397699,0.0458984375,977,7290,86,448,57,340,28,184,8,73,0,0
0.6076417322304136,6.239541148227042,0.2880859375,729,4896,249,1224,104,705,14,122,0,0,0,0
0.47758983145290723,13.544609827653826,0.5732421875,437,2946,134,634,57,366,11,97,0,0,0,0
0.7746025781013146,13.98789190215137,0.0732421875,949,7098,58,286,29,181,15,105,9,67,1,14
0.33354238823080923,7.214748963942105,0.87109375,132,590,93,332,13,66,0,0,0,0,0,0
0.20898176855682968,7.667877285724628,0.9296875,72,296,48,154,8,29,0,0,0,0,0,0
0.3423529481695993,13.034387974019078,0.873046875,130,746,70,296,20,133,0,0,0,0,0,0
0.3614789054081806,13.897976108063206,0.8779296875,125,828,44,188,15,106,3,32,0,0,0,0
0.22379286444102256,5.081195939862591,0.9697265625,31,104,19,36,4,10,0,0,0,0,0,0
0.6519381942101097,12.664574898076609,0.18359375,836,6154,86,396,46,272,23,159,3,35,1,16
0.5028676563030481,12.224294339922876,0.3828125,632,4496,155,758,59,425,21,185,1,12,0,0
0.7803926426504761,10.595027238745459,0.0107421875,1013,7682,35,182,26,144,11,69,8,50,2,11
0.5355750926761529,5.30208614216636,0.3818359375,633,4012,279,1348,94,635,6,53,0,0,0,0
0.2904103055125269,6.777640505626085,0.9140625,88,422,67,260,7,47,0,0,0,0,0,0
0.663673797280526,6.480897403133787,0.1611328125,859,6160,208,1088,101,687,21,185,2,37,0,0
0.6528394327016593,8.782985828981703,0.2392578125,779,5556,152,754,73,470,26,185,2,20,0,0
0.5759650245693563,6.9427247140245445,0.333984375,682,4580,247,1222,93,649,13,121,0,0,0,0
0.23322238203591567,11.017283314073518,0.9423828125,59,314,29,112,6,24,1,8,0,0,0,0
0.31547197469050114,5.953980081228335,0.8779296875,125,624,86,336,13,85,0,0,0,0,0,0
0.760935136594848,14.021525526403986,0.0732421875,949,7116,46,236,25,155,13,79,6,34,2,13
0.3274090031028013,9.661297424273648,0.9150390625,87,468,48,190,13,77,0,0,0,0,0,0
0.368409511769485,6.880191289612787,0.8056640625,199,1082,109,434,26,153,1,6,0,0,0,0
0.7945861316719818,9.10256459630104,0.0263671875,997,7500,61,312,32,200,18,121,9,65,1,7
0.33882629263998965,5.967200697024172,0.8359375,168,886,105,422,21,137,0,0,0,0,0,0
0.7169765167891404,11.466879359111527,0.1396484375,881,6480,104,498,47,301,21,154,4,38,1,11
0.560296921426898,11.94693740826624,0.373046875,642,4486,144,678,58,390,23,187,1,11,0,0
0.2605754751194562,12.510387575794628,0.98828125,12,60,6,22,2,10,0,0,0,0,0,0
0.5520111211256346,12.12039380985803,0.318359375,698,4958,98,430,44,265,23,141,4,27,0,0
0.7476046208039502,5.675023097086251,0.09765625,924,6698,147,738,63,417,29,220,5,37,0,0
0.23762798889851477,7.936043316819034,0.9560546875,45,234,24,92,7,39,0,0,0,0,0,0
0.4038626355179221,14.809632486407414,0.9013671875,101,570,56,224,11,71,1,13,0,0,0,0
0.5188454007811248,7.185217862695232,0.4638671875,549,3514,237,1138,80,545,6,54,0,0,0,0
0.5812139787685415,13.670738700915397,0.412109375,602,4174,152,718,58,386,19,151,1,5,0,0
0.2551653715430292,13.653631516627518,0.9580078125,43,264,19,90,8,50,0,0,0,0,0,0
0.750406326849343,13.155326706026253,0.0615234375,961,7212,67,344,38,234,21,137,7,48,1,7
0.723926413948252,11.71432217718871,0.013671875,1010,7658,29,150,19,109,9,52,5,28,3,17
0.6554478134974897,12.134557227237579,0.1171875,904,6728,100,520,52,344,26,195,7,56,0,0
0.7709199807681053,11.385301529877854,0.03125,992,7498,23,96,11,56,6,34,6,34,3,13
0.4751096645268395,9.774914873251848,0.4638671875,549,3728,180,856,63,455,15,148,0,0,0,0
0.3977985654154971,11.46898733476785,0.6982421875,309,2000,126,594,37,263,6,50,0,0,0,0
0.35798520448697835,8.463350866416334,0.7509765625,255,1534,120,518,33,225,3,28,0,0,0,0
0.3681783774190609,7.74423961795859,0.724609375,282,1692,135,630,49,302,0,0,0,0,0,0
0.6966671085535,12.130264040811829,0.0703125,952,7174,85,444,45,301,29,215,8,66,0,0
0.21765058746557664,6.1278576694109335,0.9365234375,65,240,56,190,3,9,0,0,0,0,0,0
0.40520023430311636,6.919705243794417,0.6962890625,311,1780,164,702,41,261,2,24,0,0,0,0
0.34864324132223806,8.219892956414713,0.78515625,220,1252,118,496,30,188,1,10,0,0,0,0
0.26643097999663534,13.020834355079003,0.8212890625,183,1140,78,350,23,158,3,23,0,0,0,0
0.7868025086015298,14.388613359240022,0.064453125,958,7162,58,274,24,146,13,88,6,43,2,15
0.352682717444775,12.5858277516445,0.767578125,238,1498,97,436,35,228,3,34,0,0,0,0
0.3289064323642641,10.224704721121643,0.9453125,56,346,32,154,8,62,0,0,0,0,0,0
0.5044224873538274,14.688782522774721,0.5205078125,491,3368,131,614,56,364,16,139,0,0,0,0
0.45788673390687495,8.621972115351895,0.6376953125,371,2368,152,720,53,338,5,41,0,0,0,0
0.43502226412504946,14.257790289007078,0.775390625,230,1416,95,388,29,185,4,40,0,0,0,0
0.7137699430600626,6.166259442907305,0.150390625,870,6178,183,904,89,557,23,201,3,31,0,0
0.4276600119092474,10.711204290972532,0.5751953125,435,2862,168,810,57,407,8,80,0,0,0,0
0.3752535060037865,7.465756989137368,0.76953125,236,1330,137,588,33,224,0,0,0,0,0,0
0.23437330291622135,7.7761057599008945,0.9716796875,29,118,23,74,2,13,0,0,0,0,0,0
0.7406589635887786,5.476918930797895,0.0888671875,933,6792,165,854,80,535,28,233,4,46,0,0
0.741568187059672,6.558347912489726,0.0654296875,957,7102,132,724,75,492,30,235,5,37,0,0
0.4092122991940816,8.130459931863665,0.7822265625,223,1318,118,504,23,167,3,33,0,0,0,0
0.5539069336622006,10.228612832952379,0.4453125,568,3834,169,768,61,411,18,147,0,0,0,0
0.6189539833777657,5.758214916803132,0.23046875,788,5420,263,1362,111,788,16,145,0,0,0,0
0.698779683472603,8.824846086066826,0.1630859375,857,6162,134,642,65,403,24,180,5,46,0,0
0.4022750119496683,13.154197939719813,0.66015625,348,2382,102,456,30,219,9,89,1,12,0,0
0.2390610580423741,12.694219846953242,0.998046875,2,2,2,2,0,0,0,0,0,0,0,0
0.5496602652172773,7.636048310536413,0.3720703125,643,4312,217,1064,74,514,13,115,1,12,0,0
0.6924131266767695,13.40398095429043,0.0361328125,987,7456,51,254,28,174,15,103,10,70,1,7
0.47710433737091973,5.006309228407055,0.57421875,436,2458,250,1090,54,364,2,17,0,0,0,0
0.47637189824473175,11.82326946243083,0.576171875,434,2822,161,740,51,356,10,77,0,0,0,0
0.7389578709698836,5.325848513646701,0.091796875,930,6772,180,934,82,563,30,253,3,32,0,0
0.7641723425450333,14.390615070498699,0.1005859375,921,6842,75,350,38,227,21,134,6,40,1,6
0.3180674180469414,9.560951428792665,0.7822265625,223,1360,97,436,34,213,2,17,0,0,0,0
0.4429137999508677,12.38006577287388,0.5693359375,441,3044,150,762,57,420,10,94,0,0,0,0
0.46302556421435953,5.467165131510616,0.6220703125,387,2208,219,966,52,344,1,10,0,0,0,0
0.39391677062058106,8.395689317907017,0.69921875,308,1886,140,616,36,239,5,45,0,0,0,0
0.6507078686572623,7.089307128445952,0.212890625,806,5636,218,1108,96,654,25,229,0,0,0,0
0.3624106591200913,13.722936490390175,0.8515625,152,936,62,262,18,116,3,25,0,0,0,0
0.7570466966298979,8.653636433871561,0.0859375,936,6866,105,530,61,369,26,183,7,45,0,0
0.665727759367641,10.621281313233075,0.091796875,930,6978,78,392,44,279,28,193,8,64,0,0
0.5437263835629988,8.330678381826083,0.3603515625,655,4562,172,878,73,498,10,81,3,29,0,0
0.7704702054719244,7.336486224611102,0.05859375,964,7184,88,454,48,299,25,178,9,73,0,0
0.33906471113954484,8.609797229865393,0.8896484375,113,634,59,240,14,81,1,10,0,0,0,0
0.5349854639525706,9.775028145171655,0.380859375,634,4286,220,1078,78,549,15,139,0,0,0,0
0.7211043860629445,6.270729875266644,0.1025390625,919,6666,166,882,91,591,28,221,3,26,0,0
0.34469582347550853,11.108887416447342,0.734375,272,1790,107,516,35,251,5,49,0,0,0,0
0.703473501168568,9.73125455083401,0.1396484375,881,6492,113,574,60,381,25,181,6,49,0,0
0.5053956222770954,6.910879496647981,0.478515625,534,3356,222,1032,76,501,7,50,0,0,0,0
0.6982825490044999,13.045193746533927,0.080078125,942,6998,87,436,49,306,27,189,8,53,0,0
0.3074016564453041,11.599674425412108,0.8271484375,177,1104,90,424,25,189,1,9,0,0,0,0
0.7920914889138799,8.409633647916554,0.091796875,930,6844,132,678,74,461,24,181,6,62,0,0
0.38793131785782575,12.091899228760878,0.76171875,244,1580,109,520,29,220,4,38,0,0,0,0
0.24024744133759085,8.408883857937528,0.927734375,74,360,47,156,5,32,1,11,0,0,0,0
0.21583362883731116,9.198251875588168,0.9765625,24,74,18,40,2,7,0,0,0,0,0,0
0.33842143211380227,14.895529593843577,0.634765625,374,2638,107,546,45,317,11,102,0,0,0,0
0.6161351183784092,8.327887526796971,0.2470703125,771,5474,171,864,88,564,24,193,1,12,0,0
0.7850056993773127,13.142916290198755,0.029296875,994,7512,28,130,14,79,9,52,5,25,3,16
0.484973435293144,14.087580122352344,0.4423828125,571,4108,124,594,49,345,17,161,2,23,0,0
0.23995802551309825,10.133246998873371,0.943359375,58,322,28,110,6,34,1,9,0,0,0,0
0.7683242533318018,14.96228327340459,0.0263671875,997,7516,46,232,29,165,12,76,7,49,2,17
0.37999172453816,14.27470345141455,0.7353515625,271,1918,79,388,28,203,9,91,0,0,0,0
0.3148913068217626,8.815712859550246,0.8544921875,149,896,68,290,19,121,2,21,0,0,0,0
0.5059167626475483,9.566323964479903,0.4609375,552,3740,189,910,69,482,13,130,0,0,0,0
0.5374025150807006,9.526504736629072,0.47265625,540,3586,183,856,67,440,13,116,0,0,0,0
0.7332227581793223,9.40115843862014,0.0576171875,965,7238,71,354,42,253,24,158,10,79,0,0
0.5798130843645634,10.510565105262256,0.30078125,716,5076,146,688,58,383,21,178,3,31,0,0
0.5995405725655996,9.568184714635604,0.2138671875,805,5836,148,732,67,443,26,206,3,33,0,0
0.3523976801949787,5.370902944166445,0.80078125,204,992,135,506,23,138,0,0,0,0,0,0
0.6318645056497092,8.505781929882355,0.240234375,778,5510,163,836,77,519,20,138,3,24,0,0
0.556720402922294,12.656604341328233,0.2666015625,751,5436,121,602,58,374,26,194,3,19,0,0
0.5664942337793959,11.236627172865163,0.3408203125,675,4728,159,742,64,428,23,198,1,11,0,0
0.6048089814043379,6.17577034801381,0.24609375,772,5218,253,1254,105,711,17,150,0,0,0,0
0.5264206086308236,7.15150955432382,0.4267578125,587,3878,224,1084,85,581,9,95,0,0,0,0
0.5235585635105998,12.512921951294736,0.4873046875,525,3538,144,630,55,340,14,120,1,11,0,0
0.3589398678063076,5.87752865531348,0.8349609375,169,832,112,426,19,115,0,0,0,0,0,0
0.7918355300616113,8.747193503403892,0.07421875,948,7024,93,458,49,299,23,155,9,69,0,0
0.36060935869302324,6.138887473884375,0.833984375,170,866,110,440,16,101,1,5,0,0,0,0
0.5235485324068818,12.302028974196464,0.470703125,542,3710,164,808,58,405,17,132,0,0,0,0
0.30365295955184685,6.607492929355122,0.8740234375,129,638,87,336,14,89,0,0,0,0,0,0
0.5286864787811176,13.927148614944189,0.388671875,626,4450,113,564,63,384,23,162,1,10,0,0
0.3970124682522439,6.768138743396268,0.7412109375,265,1472,157,682,36,226,0,0,0,0,0,0
0.4071168539805045,13.039689975524478,0.685546875,322,2138,106,498,40,260,8,72,0,0,0,0
0.4367198156822698,13.215049423492735,0.673828125,334,2332,103,516,41,285,9,91,0,0,0,0
0.7012440793562167,12.409779379602773,0.1240234375,897,6634,87,426,38,243,18,137,10,82,0,0
0.7251997121071225,11.316226811155499,0.08984375,932,6886,95,476,51,318,21,150,9,60,0,0
0.6762534484949478,9.174648804962967,0.1689453125,851,6136,164,860,85,567,32,245,1,9,0,0
0.3726581577373739,7.362465010137573,0.7421875,264,1480,132,532,36,216,2,16,0,0,0,0
0.2561351845997697,10.70553431967414,0.8779296875,125,728,65,282,16,108,1,9,0,0,0,0
0.33271501209730725,8.493762198230392,0.8544921875,149,918,80,376,19,145,1,16,0,0,0,0
0.255015796419598,9.872977382884319,0.9443359375,57,360,24,116,11,73,0,0,0,0,0,0
0.6017454211713626,10.873834758349446,0.3173828125,699,4954,141,690,62,408,19,141,3,22,0,0
0.6322370505129237,7.431467352638453,0.2783203125,739,5094,178,798,67,424,22,186,2,27,0,0
0.288169972135974,8.321994540287813,0.9111328125,91,490,43,152,12,66,1,5,0,0,0,0
0.2634342008425099,11.912395251389297,0.92578125,76,438,40,176,12,74,0,0,0,0,0,0
0.34829559110776964,7.092484322170706,0.82421875,180,928,111,436,23,134,0,0,0,0,0,0
0.24576921287581255,5.279124078102609,0.919921875,82,328,64,208,6,29,0,0,0,0,0,0
0.7565281570490909,7.090534918839994,0.0478515625,975,7286,90,454,47,303,26,196,9,74,0,0
0.4894871630071352,7.739105696809805,0.515625,496,3188,202,944,66,458,8,73,0,0,0,0
0.3667584551823071,8.0514865452968,0.8408203125,163,926,88,364,21,139,1,11,0,0,0,0
0.5948310406646944,10.64162919456583,0.2373046875,781,5568,145,698,64,400,21,154,4,30,0,0
0.6010915889291857,14.099965165538762,0.43359375,580,3934,130,538,50,284,13,107,3,35,0,0
0.2942168233410595,14.255406202794399,0.8828125,120,806,45,224,17,119,2,18,0,0,0,0
0.7647124184348384,11.011769208046761,0.1005859375,921,6826,75,374,42,252,24,150,9,50,0,0
0.6313875484678421,8.847388653653127,0.1875,832,5948,169,854,73,497,25,189,3,19,0,0
0.7124050357907874,10.354462391200851,0.07421875,948,7064,105,578,65,412,26,184,7,48,0,0
0.7835076369384675,7.387758518435059,0.0810546875,941,6882,122,614,69,411,23,161,7,61,0,0
0.39428655630541154,13.693462499785415,0.7900390625,215,1334,92,402,29,191,3,29,0,0,0,0
0.29980226333668614,10.027495816652664,0.91796875,84,482,45,194,13,85,0,0,0,0,0,0
0.6265232682637789,10.176790208599593,0.259765625,758,5362,167,808,77,499,22,182,2,16,0,0
0.6445550369620572,5.425195344008902,0.2353515625,783,5306,255,1254,96,682,20,165,0,0,0,0
0.6773060121252743,8.20510771005414,0.17578125,844,6126,145,750,61,430,19,160,6,47,0,0
0.3406059688209419,6.718978275264572,0.791015625,214,1128,124,498,30,171,0,0,0,0,0,0
0.7505448608172329,8.792774496455722,0.0810546875,941,7026,95,494,54,347,29,208,7,57,0,0
0.25198094665336424,6.281241236311938,0.92578125,76,320,64,234,4,26,0,0,0,0,0,0
0.20870032215413728,7.313523998929904,0.95703125,44,216,32,126,4,27,0,0,0,0,0,0
0.42629507175657716,12.362710893136583,0.7275390625,279,1726,108,470,37,217,5,45,0,0,0,0
0.39174511869897805,5.821186816543522,0.791015625,214,1108,139,556,25,165,0,0,0,0,0,0
0.5785581925140084,7.434472372077405,0.2548828125,763,5348,190,958,87,585,18,163,2,23,0,0
0.5797278980409002,14.524845378422954,0.3837890625,631,4402,148,706,53,349,11,93,4,48,0,0
0.615653977642313,10.73822791723287,0.2353515625,783,5586,150,722,67,425,24,194,3,23,0,0
0.4905462835351666,7.936136734023021,0.55859375,452,2976,164,734,52,367,11,110,0,0,0,0
0.3121701448685659,9.326368911108295,0.8466796875,157,980,76,364,27,192,0,0,0,0,0,0
0.21277469157209017,11.783651857061054,0.9716796875,29,160,14,54,5,28,0,0,0,0,0,0
0.2341387270092555,13.337990730143256,0.9384765625,63,366,24,90,9,47,1,5,0,0,0,0
0.33332443312672955,7.895819570070222,0.8251953125,179,1072,92,420,29,199,0,0,0,0,0,0
0.4361351299070434,12.27777065506599,0.69140625,316,2068,109,492,33,219,5,48,1,15,0,0
0.47359190232939813,5.642885966881779,0.5810546875,429,2548,228,1058,67,451,0,0,0,0,0,0
0.4909488795164913,10.60530575131901,0.482421875,530,3638,173,856,63,450,14,138,0,0,0,0
0.7987816123410585,10.632064555015697,0.056640625,966,7222,66,330,44,256,24,153,6,51,1,7
0.7100116068836568,11.47581701479346,0.1484375,872,6436,95,472,47,298,25,177,7,51,0,0
0.5376967208004684,13.684551868466365,0.41015625,604,4244,139,656,59,377,16,135,2,24,0,0
0.23990500824867567,6.2198134849380615,0.9404296875,61,244,49,168,4,16,0,0,0,0,0,0
0.5411080998881332,9.716609146883437,0.4287109375,585,3970,195,950,78,527,13,131,0,0,0,0
0.465921047512956,12.600051616587859,0.44921875,564,3968,165,832,61,453,18,158,0,0,0,0
0.42904621381383123,11.904432564144198,0.5595703125,451,3164,115,576,56,371,14,122,0,0,0,0
0.2461726997220787,9.902184939510944,0.9150390625,87,530,45,216,14,98,0,0,0,0,0,0
0.5370615289558234,14.497890564396826,0.48046875,532,3720,133,624,49,323,13,114,2,24,0,0
0.5518488196534971,11.51269312878556,0.3779296875,637,4408,178,848,61,429,23,207,0,0,0,0
0.7386161177020996,11.73612341572372,0.00390625,1020,7774,24,126,20,113,14,78,8,40,2,8
0.7488845530064641,7.792626960049482,0.0869140625,935,6932,83,390,36,221,10,86,5,41,2,18
0.5210714423251772,10.565238908223373,0.408203125,606,4234,162,784,60,420,22,192,0,0,0,0
0.29128072379169767,10.462030452478299,0.939453125,62,306,38,138,8,45,0,0,0,0,0,0
0.5631460140993738,5.151862690572862,0.30859375,708,4602,303,1490,103,743,8,77,0,0,0,0
0.6571179302387626,14.816801061422042,0.1123046875,909,6746,87,416,50,291,20,148,5,47,1,9
0.7785395802021096,14.903185762916255,0.12890625,892,6554,100,506,56,342,24,163,7,53,0,0
0.5039558621373736,9.136259645079267,0.5322265625,479,3136,143,634,56,341,14,113,0,0,0,0
0.6797636996177541,8.620313099452886,0.12109375,900,6648,120,590,60,391,30,233,5,46,0,0
0.43167378167084713,10.119254697267497,0.7646484375,241,1478,118,542,33,234,2,19,0,0,0,0
0.4409907104936287,11.739580655665858,0.6318359375,377,2520,137,656,48,335,8,81,0,0,0,0
0.24609951935710045,8.152510799543325,0.9091796875,93,510,54,228,13,83,0,0,0,0,0,0
0.27462455333493035,13.342531938938567,0.849609375,154,954,82,392,20,151,1,5,0,0,0,0
0.7899949831831865,7.30049991612801,0.0,1024,7812,1,0,1,0,1,0,1,0,1,0
0.4603142434484669,12.134371462837455,0.5546875,456,3146,141,674,53,380,13,119,0,0,0,0
0.6331301167706325,13.969875656787437,0.197265625,822,6010,117,572,55,350,25,189,5,52,0,0
0.5507533478789985,10.934464655346567,0.48828125,524,3588,122,542,50,310,17,129,1,10,0,0
0.3781131199595126,5.189833423635061,0.7587890625,247,1218,166,646,27,159,0,0,0,0,0,0
0.6727243002110982,12.245058423155061,0.2109375,808,5828,142,696,62,408,24,188,4,41,0,0
0.2218019915568104,14.497924670613338,0.9794921875,21,114,9,34,4,19,0,0,0,0,0,0
0.5763243328539281,12.843864667611525,0.4443359375,569,3894,134,614,53,337,19,133,1,7,0,0
0.7619902249789401,8.630954231900649,0.1025390625,919,6754,109,530,58,342,17,134,5,38,1,7
0.32591060828498297,9.88422370984992,0.849609375,154,906,76,332,22,133,1,8,0,0,0,0
0.26920737072814377,5.350362690179189,0.9033203125,99,422,75,266,8,32,0,0,0,0,0,0
0.23935984470639757,5.045044182556976,0.91015625,92,332,71,204,7,26,0,0,0,0,0,0
0.20479294795365333,11.534643493696842,0.921875,80,492,41,198,13,90,0,0,0,0,0,0
0.495297923721357,5.793931426926915,0.5234375,488,2936,248,1124,68,454,3,28,0,0,0,0
0.7732590186198465,10.32345356707819,0.052734375,970,7254,49,224,27,146,14,75,6,41,2,10
0.4122667650687316,7.209667526783492,0.6630859375,345,2058,189,872,44,323,2,17,0,0,0,0
0.2192667517721318,5.1927829907065455,0.943359375,58,236,49,178,3,16,0,0,0,0,0,0
0.446134017866777,12.603907753433134,0.6279296875,381,2538,132,616,47,318,9,84,0,0,0,0
0.603778808101906,9.875893104833757,0.287109375,730,5186,151,730,73,465,22,172,2,29,0,0
0.422263593054239,14.113346141322966,0.7685546875,237,1494,93,382,24,163,6,59,0,0,0,0
0.2228712718896028,7.524868026245647,0.91015625,92,436,74,298,6,42,0,0,0,0,0,0
0.4970695251369685,13.977962460507795,0.501953125,510,3534,123,590,57,364,14,109,1,7,0,0
0.6376262581007732,6.268601909007857,0.16015625,860,6104,164,816,88,562,28,221,2,26,0,0
0.7028875232896135,7.472333383608999,0.0703125,952,7062,109,568,57,373,20,166,9,87,0,0
0.5215273049710267,10.534558671075963,0.4072265625,607,4134,184,908,73,504,13,100,1,6,0,0
0.798930913291696,9.228365315701682,0.05078125,972,7280,84,452,56,345,28,185,4,29,1,8
0.6289045221287497,7.4801743896309105,0.2255859375,793,5586,172,844,71,487,22,185,3,25,0,0
0.3294771937333707,14.216640214496918,0.9013671875,101,588,47,192,14,86,1,13,0,0,0,0
0.6755370602820139,14.48666873324761,0.1357421875,885,6576,84,410,43,267,24,178,4,39,1,9
0.5357476593470704,6.69479951960211,0.3671875,648,4318,234,1158,90,628,12,110,0,0,0,0
0.7078323837074223,7.602145883321355,0.083984375,938,6884,131,678,65,411,23,174,7,71,0,0
0.2794487638659099,13.758369315442117,0.91015625,92,620,32,156,12,83,2,20,0,0,0,0
0.7899808398207981,13.649065252006302,0.05078125,972,7308,69,360,37,236,18,119,4,30,2,11
0.4645396465946217,7.837956904300244,0.53515625,476,3170,173,830,61,442,10,94,0,0,0,0
0.3073325754338166,5.015158582027931,0.8330078125,171,746,126,446,15,79,0,0,0,0,0,0
0.3656111937431047,9.049737426439874,0.837890625,166,1004,73,316,23,140,2,17,0,0,0,0
0.783793618355737,12.475783304347704,0.0498046875,973,7314,67,364,42,259,21,140,11,68,0,0
0.36055394524444373,10.082363454530626,0.7763671875,229,1430,97,428,32,211,3,30,0,0,0,0
0.24046523511145523,7.921448483585745,0.9169921875,85,380,58,210,9,37,0,0,0,0,0,0
0.7009065394270515,8.246153468586302,0.09375,928,6870,85,416,41,258,20,143,6,68,1,12
0.35157219826396446,12.575658494365666,0.845703125,158,990,62,268,20,129,3,32,0,0,0,0
0.23829938715337462,9.923017836399714,0.9765625,24,118,12,40,4,18,0,0,0,0,0,0
0.273871804128012,5.732412925321224,0.90625,96,390,72,242,8,32,0,0,0,0,0,0
0.35370151077421574,13.941357839648546,0.8427734375,161,988,71,326,26,171,1,7,0,0,0,0
0.514572468236619,6.859289690286571,0.533203125,478,2914,229,1020,67,465,4,34,0,0,0,0
0.2984166626531395,8.537935091599001,0.8505859375,153,866,75,316,22,127,1,5,0,0,0,0
0.25747254333183256,14.730684266455686,0.9345703125,67,378,28,110,9,52,1,3,0,0,0,0
0.4713392390120173,9.955648062568269,0.607421875,402,2590,168,780,58,402,5,56,0,0,0,0
0.3258218724829899,6.828470655976448,0.7666015625,239,1358,122,510,35,217,1,9,0,0,0,0
0.7745757437900418,12.663248327587821,0.056640625,966,7288,48,234,26,157,18,110,5,30,2,10
0.40539515465967857,7.7062107422764345,0.740234375,266,1582,140,620,38,265,1,10,0,0,0,0
0.7519246012615073,9.49366036447322,0.0654296875,957,7142,78,400,41,258,23,154,6,43,1,9
0.25593467259443664,9.939839328935955,0.9462890625,55,300,34,138,7,51,0,0,0,0,0,0
0.6086757903958837,7.6401087902256934,0.2470703125,771,5374,180,858,73,492,27,218,1,8,0,0
0.20042637421820603,9.18341092190036,0.9697265625,31,112,25,74,2,9,0,0,0,0,0,0
0.626269005816894,6.273381232716635,0.2744140625,743,5060,212,1010,85,558,23,196,0,0,0,0
0.5595795052343948,9.532729673703408,0.2685546875,749,5288,185,920,68,492,26,235,1,8,0,0
0.22944325359473347,13.92888980567478,0.970703125,30,168,21,96,3,23,0,0,0,0,0,0
0.5876561005451477,8.431721842179686,0.296875,720,5104,174,866,74,511,15,141,3,35,0,0
0.48259156111357343,8.543866000830892,0.5185546875,493,3262,178,856,69,459,9,83,0,0,0,0
0.33950140761591674,14.133105674461602,0.8671875,136,830,49,194,17,104,3,20,0,0,0,0
0.5927069733656707,11.564394686466219,0.3134765625,703,4906,154,756,79,487,22,176,1,8,0,0
0.6402265655353186,9.065166026762872,0.236328125,782,5536,167,824,73,472,21,176,3,30,0,0
0.7188789970026004,10.38158143207048,0.0625,960,7216,57,300,37,222,18,107,4,26,2,10
0.5779706795618356,13.422230155828128,0.375,640,4504,145,688,57,376,19,157,2,18,0,0
0.7552061615658294,8.83204894285427,0.037109375,986,7430,56,288,34,211,21,139,8,51,1,7
0.6159146567308325,10.80573240827161,0.1552734375,865,6342,91,444,46,289,25,161,7,45,0,0
0.7273653692022186,7.326197586452743,0.1064453125,915,6698,123,608,60,384,23,174,7,70,0,0
0.4526771009491884,14.084863708292307,0.6396484375,369,2546,108,494,35,255,13,118,0,0,0,0
0.34784133273181794,10.163459979066118,0.8515625,152,926,74,340,22,154,1,8,0,0,0,0
0.7192540617556593,11.402929045102479,0.2314453125,787,5622,133,594,54,337,17,141,6,59,0,0
0.6602006469914208,10.001412357196692,0.18359375,836,6046,155,778,71,468,27,210,3,21,0,0
0.5672349821965792,14.938251379192113,0.3017578125,715,5172,124,618,61,388,14,121,5,49,0,0
0.7971932952304908,6.982498180090854,0.037109375,986,7380,77,398,43,274,21,146,7,55,1,6
0.48283033714283186,11.115901734715829,0.5654296875,445,2972,166,788,53,376,10,93,0,0,0,0
0.30769688281171453,8.882339058913844,0.8671875,136,774,82,358,18,132,0,0,0,0,0,0
0.4917600523394231,6.537667605053925,0.5029296875,509,3222,218,1032,73,498,6,44,0,0,0,0
0.4721434107918677,14.248472716881949,0.6748046875,333,2150,132,600,43,287,6,58,0,0,0,0
0.7087809516933314,8.308657452645814,0.1279296875,893,6500,134,680,69,443,22,168,6,57,0,0
0.5960180895749265,5.136315218535441,0.296875,720,4700,282,1360,98,666,12,110,0,0,0,0
0.7958209755093761,6.992155509503436,0.0361328125,987,7390,66,336,39,241,23,151,11,68,0,0
0.5999409119278692,12.722045106331747,0.2333984375,785,5720,116,578,55,362,30,219,3,20,0,0
0.6911439417632047,11.793022425841851,0.10546875,916,6830,76,364,32,209,14,103,8,58,1,5
0.597721813291934,5.290162589466912,0.287109375,730,4768,295,1470,105,730,10,77,0,0,0,0
0.464825599944366,12.615752946308922,0.712890625,294,1936,90,390,32,204,9,74,0,0,0,0
0.412097745116296,7.669872446854767,0.7265625,280,1658,142,628,42,278,1,11,0,0,0,0
0.40010684052668344,13.763617085495712,0.76171875,244,1512,100,428,28,177,5,40,0,0,0,0
0.27383015542988504,13.868062705693792,0.9775390625,23,108,17,68,2,11,0,0,0,0,0,0
0.5433372306290178,10.107910930131183,0.5107421875,501,3316,165,778,68,437,11,90,0,0,0,0
0.6125655897352635,13.233267275304287,0.2099609375,809,5964,125,642,56,380,23,182,5,46,0,0
0.7958706155446866,11.766880949334183,0.0693359375,953,7162,68,328,31,195,18,124,8,55,1,5
0.7052938879080921,9.236557625544716,0.1328125,888,6508,117,564,53,338,27,203,6,57,0,0
0.7060934333983238,9.059689298632193,0.09765625,924,6852,105,548,57,373,26,186,3,28,1,9
0.6360326983736387,5.399777792527473,0.228515625,790,5446,244,1202,86,614,20,201,1,16,0,0
0.7211077926781626,10.113855926877067,0.1044921875,917,6776,113,606,68,434,30,212,5,34,0,0
0.3257188715945253,14.135321837363417,0.6572265625,351,2322,144,734,53,383,4,37,0,0,0,0
0.5456667142996118,7.414658593831823,0.365234375,650,4442,203,992,85,586,16,145,0,0,0,0
0.4660612025022282,6.427243241345485,0.6142578125,395,2390,188,800,45,314,6,60,0,0,0,0
0.2617751245526239,7.137299732505243,0.9296875,72,310,48,156,8,34,0,0,0,0,0,0
0.7492060678039285,12.980735072440831,0.1201171875,901,6696,61,286,32,184,14,87,4,22,2,11
0.5104632929828439,7.8703863797938585,0.4755859375,537,3480,201,912,56,398,14,117,0,0,0,0
0.5788074101620995,9.436850441145996,0.30078125,716,5040,170,842,82,548,25,205,0,0,0,0
0.5685705736032338,14.455437806294277,0.21875,800,5858,113,560,53,340,20,159,6,45,0,0
0.2715065987858452,12.157845867741688,0.9296875,72,424,42,174,6,55,1,16,0,0,0,0
0.3223904597159176,12.317646559406626,0.798828125,206,1262,95,428,25,171,3,25,0,0,0,0
0.370864132613009,12.842216153284538,0.7841796875,221,1388,89,386,24,160,5,41,0,0,0,0
0.6849818381257867,6.984929882727147,0.109375,912,6662,123,610,59,367,27,203,6,51,0,0
0.6136046614923871,10.319812503751542,0.24609375,772,5508,130,628,58,379,23,162,4,34,0,0
0.7060127377246677,7.996048382636771,0.0927734375,929,6878,104,508,51,313,12,89,7,56,1,8
0.4787789647385691,8.319579993608315,0.5029296875,509,3296,233,1162,72,537,5,46,0,0,0,0
0.5716065485747872,6.8649934475461425,0.3291015625,687,4618,222,1092,91,607,16,115,0,0,0,0
0.21831660308260809,11.57666199660714,0.916015625,86,490,44,186,10,65,1,8,0,0,0,0
0.6123012604800852,6.398432861878026,0.2275390625,791,5508,197,952,86,560,28,234,0,0,0,0
0.7087903581857025,7.533617911128551,0.18359375,836,5920,191,946,91,581,23,200,2,32,0,0
0.5720503073661886,12.050859744092252,0.3818359375,633,4408,153,726,56,378,18,149,2,14,0,0
0.49002378187982565,13.717050389772705,0.6435546875,365,2444,107,482,38,254,12,96,0,0,0,0
0.32403687929150027,6.747540679026654,0.837890625,166,864,100,382,22,134,0,0,0,0,0,0
0.290541127615933,7.852658675481322,0.8896484375,113,622,56,228,19,104,0,0,0,0,0,0
0.46077820927673535,9.945901636371183,0.58984375,420,2778,162,784,62,427,6,60,0,0,0,0
0.35376700420565377,11.509607378167285,0.8037109375,201,1274,99,474,30,216,1,14,0,0,0,0
0.6259509500745888,14.88524790024189,0.107421875,914,6816,95,486,45,302,21,156,5,46,1,8
0.4375126165624315,12.943868752824088,0.6494140625,359,2446,113,536,42,286,10,97,0,0,0,0
0.6719190891172209,10.650691890892553,0.107421875,914,6768,80,366,38,234,16,120,7,62,1,7
0.572500217184172,5.060048653704929,0.3095703125,707,4580,284,1356,97,665,11,106,0,0,0,0
0.2480907404018389,12.713778151016623,0.822265625,182,1140,74,326,24,154,3,31,0,0,0,0
0.4435966080726816,5.319286715185692,0.6484375,360,2028,216,930,40,281,2,16,0,0,0,0
0.3320413752948045,11.116333197018388,0.7607421875,245,1518,116,546,35,240,2,17,0,0,0,0
0.39813718064900483,11.68859098060723,0.68359375,324,2088,99,428,39,229,9,63,0,0,0,0
0.7075435145809843,11.30772551061839,0.0703125,952,7090,91,456,47,297,20,148,6,57,1,9
0.24492191416854386,9.095761842569154,0.9560546875,45,248,27,110,6,44,0,0,0,0,0,0
0.24250593251459304,10.286738693300613,0.9501953125,51,250,24,72,5,24,1,5,0,0,0,0
0.5895444640843457,8.881354538624313,0.2314453125,787,5604,160,796,77,483,25,202,2,18,0,0
0.38467990025294047,14.264883327415637,0.8701171875,133,806,55,230,18,106,2,19,0,0,0,0
0.5523654618568714,8.251552520020638,0.384765625,630,4274,192,936,74,498,14,120,1,13,0,0
0.7675304585023894,8.488790175295772,0.0830078125,939,6974,111,548,48,329,25,203,4,50,1,10
0.7069172416586857,10.508367387697088,0.16796875,852,6198,93,432,45,273,20,138,8,47,0,0
0.6174306692788891,11.731826945153308,0.255859375,762,5446,129,606,67,394,20,151,4,45,0,0
0.7023437201672487,8.924753493114686,0.103515625,918,6774,117,616,71,449,33,225,4,37,0,0
0.3853447021990061,5.7639289102203985,0.7578125,248,1318,158,670,30,186,0,0,0,0,0,0
0.6203701500452465,13.10157329721783,0.1279296875,893,6660,77,380,40,242,18,127,6,48,1,7
0.7533923520714392,12.013360052448672,0.1220703125,899,6648,113,608,54,371,24,167,7,46,0,0
0.7585452568018565,8.456892691575291,0.0849609375,937,6920,115,574,62,386,21,162,8,74,0,0
0.5107090945997628,14.529829358709662,0.697265625,310,1978,106,442,36,224,8,68,0,0,0,0
0.3874366431627616,12.400039499020972,0.728515625,278,1826,98,452,32,222,7,57,0,0,0,0
0.4027154307133467,13.629179962702118,0.765625,240,1586,84,382,28,188,6,53,0,0,0,0
0.5727705188145825,10.563494936750093,0.3486328125,667,4660,178,880,71,485,19,163,1,6,0,0
0.25711860348442034,7.387636083108697,0.96484375,36,158,27,92,3,21,0,0,0,0,0,0
0.3555657436383347,6.119134675022048,0.80859375,196,976,133,522,21,128,0,0,0,0,0,0
0.518375400988849,13.843145413310522,0.388671875,626,4482,143,696,53,378,19,165,2,25,0,0
0.5248563414237877,8.759367674863721,0.390625,624,4220,186,872,70,462,15,131,1,8,0,0
0.5516567684383913,11.37616406020931,0.3681640625,647,4532,137,626,54,334,17,140,3,34,0,0
0.2845600660592757,12.116427906543201,0.97265625,28,132,19,72,3,16,0,0,0,0,0,0
0.5118420032425226,8.378230455314485,0.3984375,616,4190,187,896,71,493,18,163,0,0,0,0
0.2969000289290835,13.50431715897895,0.8291015625,175,1098,70,310,23,150,3,27,0,0,0,0
0.6624636314879434,13.753153583197237,0.109375,912,6808,96,482,52,336,23,178,8,65,0,0
0.5263763812095843,8.917941341811044,0.5029296875,509,3388,170,792,61,422,13,110,0,0,0,0
0.6010062787741703,11.765791231725991,0.302734375,714,5182,129,664,63,429,25,203,2,14,0,0
0.24880711907073735,7.457467672078863,0.912109375,90,470,66,270,8,68,0,0,0,0,0,0
0.49515219157776524,12.510625723710843,0.5546875,456,3038,153,694,49,330,9,102,1,14,0,0
0.2966514144351394,12.287817336835634,0.875,128,754,59,240,15,91,2,22,0,0,0,0
0.41145955037195714,6.6623322882055325,0.6669921875,341,2064,164,738,47,311,3,24,0,0,0,0
0.24011923414760877,7.467507518247784,0.9521484375,49,232,34,130,5,27,0,0,0,0,0,0
0.386912902631494,13.05157081109881,0.595703125,414,2886,129,648,51,362,11,113,0,0,0,0
0.2826521248427066,9.70745676144346,0.904296875,98,510,56,220,14,78,0,0,0,0,0,0
0.31963228548870326,12.100534743557082,0.8095703125,195,1244,87,408,28,198,2,23,0,0,0,0
0.5952458443618773,11.13171127342034,0.2705078125,747,5308,138,672,71,421,21,162,3,36,0,0
0.3036380173987021,14.869814091380869,0.900390625,102,616,48,210,14,94,1,8,0,0,0,0
0.7153257883854338,9.231122859105387,0.171875,848,6138,149,728,65,431,26,202,4,33,0,0
0.7751806884929455,8.50874785185243,0.1025390625,919,6750,145,762,78,508,25,200,5,44,0,0
0.7898638631204913,5.104585258430942,0.048828125,974,7194,155,844,77,530,33,255,4,50,0,0
0.46798621719664496,13.25479773776275,0.5380859375,473,3208,140,648,55,359,14,121,0,0,0,0
0.734228403540335,10.506752478004389,0.0849609375,937,6976,85,428,44,277,20,139,6,37,1,7
0.34284174491166297,6.0974203342852915,0.77734375,228,1270,123,526,35,206,0,0,0,0,0,0
0.2393439124879183,7.025173482540687,0.984375,16,26,16,26,0,0,0,0,0,0,0,0
0.4490520203888144,9.577505714966849,0.638671875,370,2316,145,614,47,306,7,61,0,0,0,0
0.769069361468411,5.660536715620529,0.0537109375,969,7210,84,438,51,321,29,191,8,56,0,0
0.7217072381986429,14.859531762693152,0.1650390625,855,6322,57,254,30,162,19,102,6,40,1,9
0.37413100687854295,7.137282463696869,0.7646484375,241,1348,136,580,35,220,0,0,0,0,0,0
0.20914551750849997,6.793825298771514,0.9248046875,77,336,44,134,11,39,0,0,0,0,0,0
0.6781015717796255,14.219997983036738,0.12109375,900,6716,69,352,41,256,23,152,5,33,1,8
0.6256977641728307,7.566039922961254,0.2646484375,753,5244,195,964,82,555,22,195,1,11,0,0
0.2877503867176638,7.459133770293192,0.9130859375,89,452,53,196,12,70,0,0,0,0,0,0
0.3883387153339072,12.626636504341645,0.7353515625,271,1884,97,500,30,241,7,67,0,0,0,0
0.687509971021507,13.377288877530152,0.2255859375,793,5734,121,612,64,411,28,205,3,19,0,0
0.7091008548321642,11.59526313422413,0.07421875,948,7076,84,442,48,304,24,170,5,37,1,10
0.43731861292237934,11.609648929551234,0.669921875,338,2286,116,562,46,318,7,65,0,0,0,0
0.4277276723286619,12.992194482709245,0.6279296875,381,2614,108,516,47,304,11,94,0,0,0,0
0.2268710062904109,9.927370856824236,0.962890625,38,172,23,76,5,20,0,0,0,0,0,0
0.6598546833005507,10.32436329628991,0.1943359375,825,5938,132,660,71,439,24,176,4,23,0,0
0.5592848716620736,5.719669612330524,0.3642578125,651,4180,270,1310,99,649,7,64,0,0,0,0
0.7726223818532221,9.77680718479651,0.064453125,958,7134,94,488,56,347,30,203,7,56,0,0
0.4683062189379765,9.880458336056833,0.486328125,526,3572,193,980,75,544,9,83,0,0,0,0
0.7229721886750238,14.346809813173751,0.18359375,836,6098,95,458,51,301,21,143,3,23,1,12
0.6097130306685712,8.867509723798005,0.412109375,602,4054,185,858,67,440,18,147,0,0,0,0
0.5973564776322048,13.408707383999124,0.369140625,646,4562,124,544,46,287,16,133,4,42,0,0
0.7590308927909799,6.057121236921149,0.05859375,964,7098,142,784,74,505,34,266,4,35,0,0
0.5149564403139842,5.23909036098665,0.43359375,580,3608,265,1248,81,555,6,50,0,0,0,0
0.5021584073270722,13.015078378935815,0.435546875,578,4042,149,734,63,431,20,164,0,0,0,0
0.2612452296679595,6.336921103835092,0.931640625,70,278,61,214,3,18,0,0,0,0,0,0
0.35663075008088685,5.834347185884756,0.75390625,252,1272,171,694,27,160,0,0,0,0,0,0
0.4142888685516921,12.948064619591616,0.68359375,324,2176,108,512,40,271,8,81,0,0,0,0
0.34283725809741217,11.061788709163089,0.802734375,202,1304,79,352,25,176,4,40,0,0,0,0
0.6397083872213096,7.647770610707423,0.158203125,862,6244,136,652,58,375,22,195,6,62,0,0
0.5169179183640733,14.490313385387449,0.57421875,436,2906,130,584,46,300,10,78,1,11,0,0
0.2799985882132038,8.72953076124746,0.8583984375,145,812,88,378,19,135,0,0,0,0,0,0
0.5715118033050679,8.698615212694113,0.3095703125,707,4994,167,836,80,522,25,204,0,0,0,0
0.3186767461736907,12.23378378739301,0.7744140625,231,1454,90,382,27,175,5,46,0,0,0,0
0.20590556128617032,5.706084571814531,0.9580078125,43,140,37,100,2,9,0,0,0,0,0,0
0.22425949507610052,10.580483107335887,0.90234375,100,562,49,206,13,72,1,5,0,0,0,0
0.4197879688023275,10.843131742820185,0.6982421875,309,2110,114,564,41,303,6,66,0,0,0,0
0.5267139963481517,8.656149342506499,0.4560546875,557,3716,191,900,66,459,14,118,0,0,0,0
0.40798994084651435,8.547032691026477,0.673828125,334,1942,169,716,39,258,4,44,0,0,0,0
0.4662767784630148,13.355409838459984,0.5986328125,411,2792,117,550,46,306,13,106,0,0,0,0
0.7005229260265022,9.76928727540186,0.10546875,916,6812,106,548,66,404,31,219,5,48,0,0
0.41149712947172334,13.194373012541913,0.724609375,282,1920,87,408,25,188,10,82,0,0,0,0
0.6789708707070492,10.711330384330639,0.326171875,690,4810,156,692,54,346,15,131,4,45,0,0
0.359830244046646,10.485259670661069,0.767578125,238,1452,100,436,34,216,3,25,0,0,0,0
0.22421077130986533,7.682783206016392,0.9365234375,65,320,47,184,6,41,0,0,0,0,0,0
0.2165232098555878,10.844725768287699,0.9765625,24,128,15,58,3,22,0,0,0,0,0,0
0.2642790306993573,12.893734728601956,0.953125,48,278,24,102,8,52,0,0,0,0,0,0
0.5900863615352407,6.4520348070701345,0.2724609375,745,5116,208,1042,87,569,23,177,0,0,0,0
0.37274457047753884,5.413738653252295,0.78515625,220,1082,145,570,25,134,0,0,0,0,0,0
0.6815378640951018,5.9221064383649615,0.1650390625,855,5988,222,1114,91,622,22,188,2,22,0,0
0.6634745678411029,13.895796877323036,0.078125,944,7090,71,368,39,251,19,135,3,21,2,15
0.3206487582779938,7.37899754700428,0.8662109375,137,720,83,318,14,95,1,10,0,0,0,0
0.7356828193287126,8.324613651965272,0.02734375,996,7504,72,382,44,283,26,187,6,46,1,10
0.2554594663941052,13.348906067351475,0.9697265625,31,132,19,54,4,17,0,0,0,0,0,0
0.6258147645216052,11.024342601007733,0.240234375,778,5610,130,634,64,411,22,184,4,32,0,0
0.2282393021140813,14.041028346379601,0.982421875,18,90,9,32,3,14,0,0,0,0,0,0
0.323597895228273,5.54790460887066,0.888671875,114,532,66,218,16,75,0,0,0,0,0,0
0.4498114639204665,13.211699711913115,0.646484375,362,2512,89,414,31,220,7,69,2,23,0,0
0.4984609889983684,7.305445916670962,0.4462890625,567,3626,225,1008,66,451,12,112,0,0,0,0
0.6786097796983035,11.673845217297048,0.2314453125,787,5738,115,544,56,348,18,145,6,59,0,0
0.4108311755609344,13.198506936871503,0.61328125,396,2702,114,540,42,287,13,106,0,0,0,0
0.2569062472066751,10.739934289512938,0.8701171875,133,746,82,366,17,112,0,0,0,0,0,0
0.5693447223644643,11.094760563091093,0.236328125,782,5630,116,550,58,359,17,136,2,19,1,13
0.5583889022962432,11.882303618589233,0.5048828125,507,3490,120,526,45,284,13,126,2,17,0,0
0.41630949293908837,7.210358399489907,0.7685546875,237,1258,144,580,31,185,0,0,0,0,0,0
0.6056175814705884,12.071987956404358,0.2587890625,759,5430,150,746,71,458,21,163,3,35,0,0
0.5233823853532249,13.951575117422623,0.4853515625,527,3614,131,584,52,332,16,138,1,12,0,0
0.5427619509761622,11.29109149493754,0.39453125,620,4348,134,652,58,384,22,167,1,5,0,0
0.5057835435872562,8.95541338231513,0.5087890625,503,3254,158,686,55,337,15,116,0,0,0,0
0.6060821772379954,9.79822709659693,0.203125,816,5888,180,948,92,621,30,248,0,0,0,0
0.5501930912794826,14.222569362235106,0.46875,544,3626,163,736,55,360,18,144,0,0,0,0
0.35919163042669444,11.93978265108256,0.8671875,136,812,61,266,17,106,2,16,0,0,0,0
0.7971689968408551,11.514901641011683,0.103515625,918,6816,81,390,39,240,20,133,6,52,1,9
0.43303724350315287,6.261759814745751,0.6875,320,1812,164,680,44,271,2,20,0,0,0,0
0.2916697020373221,5.263953681652764,0.8955078125,107,484,71,248,12,55,0,0,0,0,0,0
0.7547603747189324,13.219594043218878,0.072265625,950,7098,92,482,50,315,23,172,5,48,1,11
0.4807440189882003,10.460477320618697,0.4375,576,3976,183,914,75,518,14,138,0,0,0,0
0.4395837123988394,6.237591612015786,0.640625,368,2124,197,874,49,315,2,17,0,0,0,0
0.2414198745030076,14.259636554095618,0.88671875,116,700,59,260,15,112,1,11,0,0,0,0
0.2869893419005624,12.431736743579153,0.85546875,148,908,73,336,21,149,1,9,0,0,0,0
0.3948110050149718,14.370091961490154,0.6962890625,311,2064,110,500,39,266,7,68,0,0,0,0
0.7555315880857179,12.874382163699241,0.0546875,968,7272,71,362,43,262,20,139,11,84,0,0
0.5732337670743859,9.031895885444667,0.3076171875,709,4894,178,844,81,509,24,188,0,0,0,0
0.2798708593835848,14.456026448784025,0.9970703125,3,6,3,6,0,0,0,0,0,0,0,0
0.3123128002575023,13.338432582469599,0.796875,208,1408,79,404,31,228,3,32,0,0,0,0
0.773770462624066,11.279849407792632,0.0400390625,983,7384,56,286,33,202,21,129,8,48,1,7
0.6802056168475521,9.888474129118876,0.18359375,836,6068,128,622,56,364,21,170,6,52,0,0
0.6098491442765075,5.995387466665296,0.326171875,690,4480,264,1236,90,611,13,114,0,0,0,0
0.20644662806675687,6.53761338251906,0.966796875,34,132,28,94,2,9,0,0,0,0,0,0
0.4901098545160433,8.84100200137775,0.560546875,450,2990,174,834,60,433,8,83,0,0,0,0
0.7226670346263238,11.381875983912519,0.0859375,936,6954,72,346,32,198,12,90,5,48,2,28
0.5760242048057003,9.92787767441,0.34765625,668,4646,176,860,80,510,21,187,0,0,0,0
0.23182247049313232,14.31483227632422,0.9169921875,85,568,31,146,10,73,2,22,0,0,0,0
0.784681451301037,10.679806165708953,0.0712890625,951,7072,93,474,42,268,21,153,10,84,0,0
0.4905044612959185,12.31485584901812,0.5634765625,447,2980,162,792,55,387,10,73,0,0,0,0
0.3486169766133849,14.383222702684108,0.7529296875,253,1746,88,422,27,207,7,74,0,0,0,0
0.49600671851129513,9.156802714211832,0.5400390625,471,3084,186,886,67,463,7,80,0,0,0,0
0.5866315775619313,13.301921893482685,0.4462890625,567,3916,129,574,54,311,15,124,2,22,0,0
0.6516378702547692,14.12071122060748,0.263671875,754,5438,124,584,50,326,20,155,5,51,0,0
0.609585169575948,6.384966337467977,0.1884765625,831,5852,213,1110,90,639,25,201,1,11,0,0
0.22513713120566703,13.899798651050528,0.884765625,118,764,52,242,14,107,2,21,0,0,0,0
0.5014239814062758,11.0348014526318,0.4482421875,565,3942,145,716,64,426,19,151,0,0,0,0
0.5030312437155047,7.533006788548487,0.3994140625,615,4100,243,1204,84,611,10,97,0,0,0,0
0.6825242815623509,5.607418832312792,0.1181640625,903,6502,177,916,90,585,30,259,2,23,0,0
0.2655164211720256,11.765618554911047,0.96875,32,196,14,66,6,38,0,0,0,0,0,0
0.5565795218380067,6.471894516464246,0.3623046875,653,4306,263,1314,106,740,6,54,0,0,0,0
0.2962410928608388,14.255429308757881,0.8515625,152,1006,53,240,17,120,4,39,0,0,0,0
0.21605825947184518,8.791820813690581,0.91796875,84,454,48,190,12,73,0,0,0,0,0,0
0.7255818003150694,6.662084318596541,0.09765625,924,6788,135,664,67,430,29,229,5,49,0,0
0.21834342705966997,10.493221755518043,0.974609375,26,128,20,76,2,16,0,0,0,0,0,0
0.5933660414751579,12.26412171854767,0.3056640625,711,5100,114,534,51,315,21,157,4,38,0,0
0.6607552026794441,6.830507830246897,0.1484375,872,6336,173,928,93,634,27,224,2,23,0,0
0.6082257417787006,5.730738404444098,0.2705078125,747,5080,252,1272,97,693,17,150,0,0,0,0
0.3594691795343963,11.12729218654511,0.8076171875,197,1224,83,356,26,177,3,30,0,0,0,0
0.28192310271524523,14.95467984729748,0.8603515625,143,988,41,200,18,121,4,39,0,0,0,0
0.6383999488658951,12.295421819052125,0.140625,880,6402,145,766,73,489,31,238,3,20,0,0
0.5067275903891979,7.447547807390404,0.5400390625,471,3008,177,766,54,368,11,96,0,0,0,0
0.4957458770372091,5.4507326808987635,0.5341796875,477,2814,249,1098,60,411,4,43,0,0,0,0
0.6091455143233899,13.642803619117107,0.2626953125,755,5472,128,632,69,431,23,181,3,35,0,0
0.4773300733887229,12.274672145331497,0.552734375,458,3190,122,590,44,309,17,136,0,0,0,0
0.5145981020497016,8.37993113004136,0.4658203125,547,3696,157,738,62,402,13,105,1,9,0,0
0.7199214163956782,10.092013775062526,0.095703125,926,6872,101,528,55,361,27,196,3,20,1,11
0.3169730214281616,12.717678203470394,0.875,128,788,62,294,22,147,0,0,0,0,0,0
0.6305795696702616,11.055301406098469,0.158203125,862,6344,103,500,57,347,21,145,7,69,0,0
0.779525914860562,10.552336171099027,0.08984375,932,6900,92,454,48,296,26,177,4,30,1,8
0.5955295470633077,11.979304783398684,0.2509765625,767,5538,125,576,58,339,23,181,4,47,0,0
0.6770726165323058,9.963708544908432,0.08984375,932,6852,113,594,61,387,25,175,7,50,0,0
0.259962255418464,6.772178015186384,0.8955078125,107,492,80,306,9,49,0,0,0,0,0,0
0.5540621382049095,5.395446112165966,0.3310546875,685,4522,268,1310,95,658,11,103,0,0,0,0
0.29726213573517835,13.03209552796089,0.9404296875,61,322,34,130,9,51,0,0,0,0,0,0
0.6162106302715968,11.81118642295274,0.26953125,748,5388,160,830,76,519,22,190,2,18,0,0
0.2712617143025087,7.241252488392589,0.921875,80,386,47,166,7,37,1,2,0,0,0,0
0.49914716327692515,8.087639549452954,0.59765625,412,2630,169,770,49,356,8,76,0,0,0,0
0.36846149691398716,8.722936242797962,0.7841796875,221,1332,101,430,28,185,3,27,0,0,0,0
0.37830521089886915,5.65847784094296,0.7646484375,241,1282,154,634,29,192,0,0,0,0,0,0
0.47224530949805615,10.02939729512605,0.6015625,408,2680,150,672,50,344,9,91,0,0,0,0
0.42401089776604733,10.127746036133185,0.7001953125,307,1974,121,550,38,269,6,57,0,0,0,0
0.7015565966934427,8.484503349093277,0.087890625,934,6938,100,514,50,334,25,190,8,72,0,0
0.588091242023898,13.50592670632012,0.201171875,818,6072,98,482,52,334,27,205,5,46,0,0
0.721380946156537,8.547787221513326,0.1953125,824,5892,155,744,71,459,22,182,4,47,0,0
0.34606605269625623,10.463992391424423,0.8486328125,155,902,77,330,22,139,1,9,0,0,0,0
0.26398873018621044,7.905532776173265,0.859375,144,820,81,362,21,135,0,0,0,0,0,0
0.646604150987877,10.216547324253387,0.1943359375,825,6062,108,534,51,334,23,180,6,49,0,0
0.2043285642782815,11.724542078690384,0.974609375,26,150,11,36,1,9,1,9,0,0,0,0
0.26173158562540866,8.482350212079773,0.8583984375,145,802,85,370,20,126,0,0,0,0,0,0
0.39214907953175815,14.122279713656473,0.7578125,248,1686,80,374,28,191,7,69,0,0,0,0
0.39164920964286604,5.1103314456439115,0.720703125,286,1488,190,784,32,206,0,0,0,0,0,0
0.6979625817912671,7.6228873275147615,0.03515625,988,7428,46,240,30,171,11,71,7,44,2,15
0.30309242003656367,10.065999972687127,0.837890625,166,1008,79,356,25,173,1,7,0,0,0,0
0.5050883677537069,14.33863003435019,0.583984375,426,2910,108,480,42,263,12,99,1,10,0,0
0.7491791161352337,5.855879502002017,0.0498046875,973,7234,106,550,57,373,26,190,8,69,0,0
0.34019928558331025,7.78922964378607,0.7734375,232,1374,127,586,35,240,0,0,0,0,0,0
0.7825086420858978,6.055980477097415,0.0263671875,997,7480,76,408,47,293,25,177,10,67,0,0
0.7260859091988561,8.357163251015063,0.087890625,934,6924,94,470,48,308,26,184,4,39,1,9
0.2026574395268686,13.804696160040365,0.9794921875,21,94,15,56,2,8,0,0,0,0,0,0
0.4506361854355636,5.36129188396509,0.6279296875,381,2100,198,810,49,291,3,17,0,0,0,0
0.7996580801041746,5.144178257439216,0.0361328125,987,7368,132,748,77,523,28,203,2,20,1,10
0.7561441807125724,6.652081646139532,0.1337890625,887,6322,194,998,79,556,26,195,3,26,0,0
0.34002923837391297,10.983039779089173,0.7958984375,209,1296,95,442,34,226,1,9,0,0,0,0
0.40836516371587983,6.754249541017487,0.6904296875,317,1858,170,750,41,280,2,21,0,0,0,0
0.5760603377837351,5.872515160642266,0.322265625,694,4608,256,1250,98,656,12,118,0,0,0,0
0.4642267627456094,14.424926605271756,0.6259765625,383,2644,89,396,38,237,11,98,1,10,0,0
0.4034335619470598,8.1799662192986,0.7861328125,219,1358,99,448,32,210,2,22,0,0,0,0
0.6850449807943981,5.812235987735182,0.1220703125,899,6464,188,996,97,650,31,265,1,9,0,0
0.767349694044424,7.845209511952841,0.0888671875,933,6846,147,764,70,460,20,166,7,69,0,0
0.6452680371679154,7.266456220057128,0.205078125,814,5736,193,958,87,560,30,269,0,0,0,0
0.6992510997050201,7.561646258110661,0.1259765625,895,6524,142,726,71,476,17,143,7,59,0,0
0.4319760743711194,7.670190585065839,0.6396484375,369,2302,177,822,44,325,5,42,0,0,0,0
0.6832019645450395,13.847945534677745,0.14453125,876,6502,87,416,39,244,16,120,6,52,1,12
0.36462019559986436,12.84035303832328,0.7607421875,245,1694,80,394,27,207,7,71,0,0,0,0
0.49522486305785784,14.552948827485132,0.49609375,516,3646,102,442,34,229,10,89,4,49,0,0
0.29083619636017166,13.557647695752525,0.8828125,120,698,66,290,14,99,1,6,0,0,0,0
0.5301400779190244,9.781068832986124,0.3359375,680,4708,179,872,71,468,24,200,0,0,0,0
0.25618983078093016,9.716718756418723,0.8935546875,109,610,58,228,13,84,1,10,0,0,0,0
0.6742170427587316,5.980823041450448,0.1904296875,829,5824,211,1034,82,537,19,158,3,38,0,0
0.4444514649849953,7.276863915896078,0.587890625,422,2592,200,896,58,398,4,39,0,0,0,0
0.5337600971503711,13.940785350698672,0.48046875,532,3758,121,548,41,280,12,101,3,35,0,0
0.4578233158728951,5.244997939707399,0.615234375,394,2244,226,998,48,312,2,16,0,0,0,0
0.6003192734794863,14.854246367794415,0.2802734375,737,5294,131,614,54,328,17,139,5,55,0,0
0.5993673231590533,11.285541759552135,0.3271484375,689,4898,134,648,65,418,22,179,2,27,0,0
0.22125704669426238,14.541953649617566,0.876953125,126,826,54,262,16,121,2,26,0,0,0,0
0.6726631012947866,14.640639378197385,0.2001953125,819,6002,90,432,47,278,25,166,6,45,0,0
0.7416384049380713,12.768677946081262,0.056640625,966,7292,39,186,21,121,12,78,7,42,2,9
0.7659224907019353,5.586970837957797,0.0654296875,957,7080,123,652,62,417,18,142,5,45,1,12
0.3547558850387563,6.534639875343413,0.783203125,222,1264,117,500,31,191,1,11,0,0,0,0
0.5999946158822295,5.8910932383729335,0.2802734375,737,4962,266,1346,105,712,13,126,0,0,0,0
0.3930593958020532,14.274811560887139,0.6689453125,339,2340,114,550,39,283,9,89,0,0,0,0
0.7148319591599934,10.643360810584918,0.185546875,834,6004,153,794,79,501,25,191,3,26,0,0
0.46480334215038016,5.675467335885315,0.6083984375,401,2324,209,934,64,389,0,0,0,0,0,0
0.3540211086044528,9.951807456358573,0.7880859375,217,1350,97,448,32,224,2,16,0,0,0,0
0.7598305460219155,10.538922710335752,0.052734375,970,7254,91,464,45,284,22,154,10,78,0,0
0.42468781177933146,14.372689810974208,0.7177734375,289,1862,124,586,39,276,4,37,0,0,0,0
0.3359527028323014,10.64340693227979,0.8388671875,165,1030,63,282,22,136,3,21,0,0,0,0
0.29904806496713005,6.617084209511662,0.896484375,106,548,58,216,16,88,0,0,0,0,0,0
0.2963584371974043,6.580558832881792,0.873046875,130,592,91,330,13,69,0,0,0,0,0,0
0.3990528987779334,14.583000447100329,0.794921875,210,1370,84,388,26,193,4,37,0,0,0,0
0.2763672929740843,10.0500752361617,0.9013671875,101,574,56,242,15,99,0,0,0,0,0,0
0.7057192852940544,6.315423184231125,0.1142578125,907,6604,184,972,89,607,26,217,3,46,0,0
0.757383467303935,8.545924628526073,0.0517578125,971,7274,86,438,43,280,19,138,7,58,1,10
0.2855337273673611,13.317692683937878,0.953125,48,250,24,84,8,42,0,0,0,0,0,0
0.7603085548139874,10.222407996762696,0.1201171875,901,6604,109,552,56,351,20,146,8,53,0,0
0.3156686193388349,9.36362951583164,0.8779296875,125,724,68,288,19,133,0,0,0,0,0,0
0.7931849870428056,10.041609358614995,0.0830078125,939,6968,99,490,40,267,16,127,11,95,0,0
0.680194416094003,5.501072845511789,0.162109375,858,6096,228,1246,118,792,23,194,0,0,0,0
0.2733862767720451,9.843568539939877,0.8134765625,191,1200,89,434,34,236,0,0,0,0,0,0
0.674569516619764,5.057699134033019,0.162109375,858,5968,228,1150,98,639,24,211,1,14,0,0
0.26869209787138865,12.78344050284124,0.810546875,194,1246,83,390,29,195,2,23,0,0,0,0
0.4870636215892078,13.337956411319361,0.6328125,376,2508,121,564,37,241,8,62,1,13,0,0
0.36250206186968,7.805395505984586,0.7919921875,213,1248,120,526,31,229,0,0,0,0,0,0
0.5840979465907714,9.245590456431058,0.2412109375,777,5528,189,962,84,578,28,237,0,0,0,0
0.626129860247441,14.257122298212932,0.1982421875,821,6052,77,352,36,215,13,92,2,13,2,13
0.5566440012982328,14.771793521419628,0.24609375,772,5622,136,690,64,414,21,166,4,45,0,0
0.33618407999142585,5.833187848449177,0.8154296875,189,944,132,534,19,120,0,0,0,0,0,0
0.5312878556731304,9.067796322540243,0.3623046875,653,4592,185,946,76,554,16,149,1,13,0,0
0.4983409193187242,12.385225247336898,0.3642578125,651,4646,168,852,69,496,23,208,0,0,0,0
0.6385132833029183,8.982115871963853,0.1806640625,839,6050,146,738,75,483,31,239,2,18,0,0
0.30254455549992754,7.8946793968863505,0.8291015625,175,992,100,442,25,162,0,0,0,0,0,0
0.5588631683772849,12.168652914819528,0.29296875,724,5246,133,664,65,435,25,211,2,13,0,0
0.7292124337668562,8.508354997589322,0.1162109375,905,6680,119,580,58,372,23,180,7,64,0,0
0.6583907386337311,7.953819243145935,0.1240234375,897,6608,126,646,57,392,26,213,6,54,0,0
0.43054222967487277,12.658674612408213,0.6103515625,399,2738,96,428,41,250,11,100,1,12,0,0
0.2899657483303676,12.046832751045425,0.9033203125,99,592,33,128,14,66,2,17,0,0,0,0
0.6669476344893728,9.639072173155352,0.162109375,858,6234,141,724,71,470,26,205,4,34,0,0
0.5287403731645138,8.262317249856347,0.4228515625,591,4004,207,1028,80,563,12,113,0,0,0,0
0.3505137391249674,7.736513237580276,0.83203125,172,946,103,428,23,154,0,0,0,0,0,0
0.5844658456239614,13.977604536865583,0.455078125,558,3822,114,514,44,274,18,118,2,13,0,0
0.5523253690943859,14.256388545591976,0.5439453125,467,3090,128,558,53,314,15,105,0,0,0,0
0.5645112785723968,13.026378397058846,0.39453125,620,4376,155,756,67,437,18,161,1,15,0,0
0.4209952799724937,9.781407149822709,0.779296875,226,1270,103,390,29,175,3,21,0,0,0,0
0.3194961937717018,6.727613928281294,0.85546875,148,794,85,340,21,129,0,0,0,0,0,0
0.4691875289114133,12.436357108956246,0.5595703125,451,3080,130,604,51,342,14,124,0,0,0,0
0.5598516145290681,6.096719639383775,0.36328125,652,4182,283,1346,83,591,10,99,0,0,0,0
0.6956437105008566,5.546294838127578,0.126953125,894,6370,204,1046,94,621,26,219,2,22,0,0
0.25294486067877286,12.141388580109934,0.873046875,130,714,64,256,14,83,2,12,0,0,0,0
0.5137350403549417,13.740759640474224,0.5322265625,479,3286,125,578,46,306,14,121,1,11,0,0
0.35762563442417983,8.653399074330657,0.7509765625,255,1502,129,582,34,204,2,16,0,0,0,0
0.7919410512838574,9.48537675545774,0.0380859375,985,7400,55,272,30,173,18,108,5,33,2,10
0.38963348246997676,11.416989767332364,0.6640625,344,2262,113,522,45,287,8,67,0,0,0,0
0.32314906570223284,5.378727030697328,0.8544921875,149,708,104,398,15,84,0,0,0,0,0,0
0.7968462853960325,6.877098522637421,0.068359375,954,7054,114,576,52,342,21,165,5,35,1,9
0.4686874305402367,8.284799796634216,0.537109375,474,3098,189,904,67,475,7,76,0,0,0,0
0.762853915343509,6.227775795994031,0.060546875,962,7098,137,744,75,485,22,166,7,69,0,0
0.3598718262585042,10.144355969437207,0.9189453125,83,472,44,184,13,84,0,0,0,0,0,0
0.5285688378778588,14.940458816472416,0.4111328125,603,4234,129,582,46,297,16,139,3,32,0,0
0.2556417345913353,7.2244020435039635,0.9111328125,91,380,67,224,8,36,0,0,0,0,0,0
0.5062450118602921,10.280650983026767,0.533203125,478,3154,175,802,57,401,11,103,0,0,0,0
0.29019373392510867,11.455256416735274,0.8681640625,135,858,54,248,15,102,3,24,0,0,0,0
0.7485547597780178,8.323590500572848,0.015625,1008,7658,30,138,14,84,14,84,8,46,2,8
0.5100691178660042,12.745508860597443,0.3291015625,687,5010,102,522,51,333,16,130,5,45,0,0
0.5710284815962687,7.531995429943578,0.3974609375,617,4140,194,914,85,549,14,138,0,0,0,0
0.7512263554925585,8.51992708585631,0.1064453125,915,6666,129,662,66,436,29,214,5,42,0,0
0.4995581653400456,13.253086730687214,0.4365234375,577,4098,151,772,66,454,19,170,0,0,0,0
0.24327004473596286,9.677640075190409,0.9775390625,23,86,20,68,1,4,0,0,0,0,0,0
0.22217281460121052,5.86802611625219,0.927734375,74,312,50,158,8,35,0,0,0,0,0,0
0.7543844425155233,9.733987331771512,0.076171875,946,7056,61,290,31,186,14,92,5,30,2,10
0.4182822433618958,13.864658172128538,0.7109375,296,2002,101,488,37,256,7,65,0,0,0,0
0.6548770851188702,6.908212523972676,0.158203125,862,6208,166,842,84,542,29,243,2,24,0,0
0.35650877577517115,7.1959815416542625,0.75,256,1422,154,662,30,197,1,10,0,0,0,0
0.22416033792399387,7.3532205245594895,0.935546875,66,314,45,170,7,38,0,0,0,0,0,0
0.35459234832704045,10.313161582446856,0.78125,224,1440,92,434,28,199,4,36,0,0,0,0
0.22439765601767814,10.1279334609786,0.9375,64,366,28,118,8,46,1,6,0,0,0,0
0.5750507968472787,12.431715191435728,0.439453125,574,3992,145,684,63,415,16,137,1,5,0,0
0.7350396499590757,10.640613188283556,0.1201171875,901,6584,127,634,62,403,21,161,7,55,0,0
0.3535375152263115,6.363234807126121,0.8232421875,181,974,109,442,24,154,0,0,0,0,0,0
0.5011527830428426,13.919487673979972,0.6591796875,349,2238,109,458,44,252,9,77,0,0,0,0
0.5585832092416146,7.252336888254346,0.3642578125,651,4394,201,954,78,520,18,167,0,0,0,0
0.6951985017254718,5.849892667867157,0.109375,912,6616,174,924,90,602,31,250,2,23,0,0
0.22499316496633093,5.537173189443989,0.943359375,58,234,46,152,4,22,0,0,0,0,0,0
0.5620156355123034,6.397366434019539,0.375,640,4166,250,1206,90,616,10,83,0,0,0,0
0.3202248137263084,13.942814611193988,0.939453125,62,336,26,80,8,37,1,8,0,0,0,0
0.5962089883231912,6.431458311703752,0.2744140625,743,5098,203,998,80,538,21,167,1,12,0,0
0.5246058430048091,10.888366519868828,0.5654296875,445,2932,133,576,52,313,13,96,0,0,0,0
0.6551432924164833,14.924508859044375,0.1396484375,881,6472,107,538,54,342,19,143,8,69,0,0
0.24533480589080894,13.569035505068845,0.8916015625,111,680,57,250,14,106,1,13,0,0,0,0
0.3278078784783244,7.927501389745306,0.791015625,214,1252,118,536,32,213,0,0,0,0,0,0
0.30010264877619786,6.8399064689695255,0.857421875,146,776,86,342,20,122,0,0,0,0,0,0
0.7446678856868929,6.530107279210561,0.0927734375,929,6782,146,768,77,495,26,181,5,43,0,0
0.4488251525854584,9.05848268077525,0.623046875,386,2458,140,596,46,299,9,82,0,0,0,0
0.7993051231472335,5.27153533541794,0.03125,992,7404,95,504,55,346,25,178,9,70,0,0
0.5546840619631616,9.04904185222636,0.3388671875,677,4712,179,880,74,505,23,184,0,0,0,0
0.43971587377774607,13.536857064057225,0.744140625,262,1688,106,482,32,218,5,52,0,0,0,0
0.492878690112845,14.010031386029553,0.57421875,436,3060,94,418,30,199,13,113,2,27,0,0
0.5283894632215449,11.908654265843339,0.3701171875,645,4540,114,522,49,307,20,151,3,17,0,0
0.7524732813581507,9.166019162279557,0.1103515625,911,6696,122,618,63,404,26,178,6,44,0,0
0.6651972679179261,8.221568134930834,0.1826171875,837,6012,174,894,81,543,23,189,3,29,0,0
0.4861156556501259,10.382233234780532,0.5205078125,491,3188,203,982,72,500,6,60,0,0,0,0
0.6569176703466577,13.300338642080549,0.09375,928,6904,103,510,51,324,24,177,8,63,0,0
0.581090834513492,11.689528578996775,0.375,640,4488,139,628,51,336,17,145,3,41,0,0
0.7887069756876046,13.359884195952013,0.0048828125,1019,7756,29,152,22,124,13,78,8,46,2,9
0.5420750725467445,7.029610754292469,0.4287109375,585,3786,192,864,71,451,11,78,1,8,0,0
0.5423211139334729,11.462521764101282,0.4453125,568,3926,142,660,50,326,19,158,1,13,0,0
0.4594113869118832,5.245823038988756,0.6103515625,399,2238,237,1034,50,332,1,12,0,0,0,0
0.22645628280618246,10.156440156762486,0.9755859375,25,132,16,60,3,22,0,0,0,0,0,0
0.7697294369136456,9.266799805972095,0.125,896,6548,116,562,56,353,31,217,5,40,0,0
0.2556286407960088,10.597775073383092,0.9306640625,71,414,35,154,12,76,0,0,0,0,0,0
0.29197605160567147,9.125659174898711,0.8720703125,131,726,77,316,14,101,1,9,0,0,0,0
0.42743486533788116,14.638205298529693,0.5517578125,459,3292,102,508,43,310,19,159,0,0,0,0
0.2564248351655988,6.50472137839796,0.921875,80,386,56,220,8,49,0,0,0,0,0,0
0.2528859438417429,12.498187501077327,0.9052734375,97,598,46,202,13,94,1,11,0,0,0,0
0.6643122817686404,7.631380562025388,0.2109375,808,5670,187,888,75,481,21,185,3,36,0,0
0.3357750065953944,11.815009653476736,0.8095703125,195,1258,75,336,24,164,4,44,0,0,0,0
0.7734418480510012,14.746772616001412,0.1298828125,891,6596,72,338,25,160,14,93,4,26,2,17
0.24799615666663125,6.789581438926012,0.9326171875,69,320,48,174,7,39,0,0,0,0,0,0
0.4690540247544536,10.31901250814259,0.5498046875,461,3052,170,788,53,376,11,113,0,0,0,0
0.6959245600830579,5.146784646791956,0.17578125,844,5878,226,1130,90,616,25,209,1,16,0,0
0.4320038425876135,11.11107926896456,0.6689453125,339,2246,114,528,47,291,7,70,0,0,0,0
0.5800864986045959,7.419360553705843,0.306640625,710,4810,212,1008,78,523,22,185,0,0,0,0
0.32199376280218955,11.640044538863688,0.88671875,116,712,50,218,18,115,1,7,0,0,0,0
0.35783810793782445,12.638414101752094,0.689453125,318,2084,117,558,43,288,6,54,0,0,0,0
0.4698009436006148,5.89941890837853,0.5634765625,447,2668,213,966,70,437,2,23,0,0,0,0
0.37051791018712077,11.42202050596639,0.767578125,238,1586,79,354,29,193,6,61,0,0,0,0
0.7880802992830305,9.535567330142099,0.04296875,980,7320,77,414,45,283,24,153,10,52,0,0
0.29004033406992097,12.77800747949424,0.869140625,134,790,53,212,15,81,3,17,0,0,0,0
0.43532469625934767,9.987104911082287,0.638671875,370,2424,133,604,47,319,8,84,0,0,0,0
0.3178263375660347,13.114616478395876,0.845703125,158,1018,62,282,24,155,2,26,0,0,0,0
0.6880902334166128,11.595812718947084,0.1728515625,847,6208,109,532,62,379,26,185,5,52,0,0
0.5337519684782168,13.284633414219911,0.3681640625,647,4648,137,692,62,426,19,160,2,21,0,0
0.3543934815752329,7.119374356593778,0.77734375,228,1276,132,568,32,209,0,0,0,0,0,0
0.3702746636422496,5.527088107712304,0.794921875,210,1018,153,600,19,125,0,0,0,0,0,0
0.4128444387392191,13.668987664208046,0.6962890625,311,2074,86,378,27,178,8,69,1,13,0,0
0.31314815108110516,13.313547058214306,0.9052734375,97,634,37,172,12,84,2,19,0,0,0,0
0.3372344965095929,14.877990853236273,0.7255859375,281,1956,89,442,32,236,8,77,0,0,0,0
0.31362150153380475,7.2975705374811595,0.865234375,138,686,81,304,19,95,0,0,0,0,0,0
0.4848354228157497,12.404863847941131,0.41796875,596,4150,161,810,69,469,15,106,1,11,0,0
0.3140632211576034,11.393763080825543,0.8388671875,165,1018,72,314,19,123,3,31,0,0,0,0
0.24009363563272268,12.800866514249785,0.9521484375,49,262,28,108,7,44,0,0,0,0,0,0
0.21880387702183224,8.700232810796692,0.97265625,28,112,22,80,2,5,0,0,0,0,0,0
0.3719268626709476,14.726097119531037,0.740234375,266,1804,92,430,30,217,7,74,0,0,0,0
0.20475643915212818,14.166222119732447,1.0,0,0,0,0,0,0,0,0,0,0,0,0
0.21891956248286734,7.690018062516274,0.91796875,84,408,57,220,9,50,0,0,0,0,0,0
0.5678811004641875,9.696040875174287,0.353515625,662,4580,170,824,76,482,22,174,0,0,0,0
0.4227877431535335,6.6710571545090644,0.669921875,338,1940,182,790,48,309,1,10,0,0,0,0
0.5370956828350839,11.789302034054215,0.47265625,540,3676,147,678,55,352,15,126,1,9,0,0
0.25921194124924357,12.217695269593634,0.88671875,116,732,47,214,15,100,2,20,0,0,0,0
0.6018535981077144,13.400582770111614,0.2685546875,749,5398,119,562,46,298,21,170,5,45,0,0
0.37976472400614325,12.957167766579925,0.681640625,326,2202,137,684,43,323,5,64,0,0,0,0
0.7087143828288511,8.400336644455223,0.10546875,916,6710,127,656,59,394,23,170,7,56,0,0
0.7678514108168544,7.709878067801269,0.0791015625,943,6984,106,552,51,341,21,169,9,80,0,0
0.41347257964829753,11.228615941846112,0.6640625,344,2280,131,650,51,347,5,42,0,0,0,0
0.3789315207823844,14.385841366488059,0.916015625,86,482,47,186,9,61,1,11,0,0,0,0
0.748799030272125,9.448825466127321,0.0595703125,963,7238,75,394,44,284,19,138,7,42,1,5
0.45681496702386676,14.876849813367452,0.4384765625,575,4136,146,750,59,429,21,188,0,0,0,0
0.6697839118939088,14.68760813545468,0.091796875,930,6982,69,328,31,188,16,117,8,65,1,5
0.26841224837926103,14.395668747830122,0.8251953125,179,1210,68,344,25,185,3,31,0,0,0,0
0.35752977177239886,8.773227909573361,0.8056640625,199,1174,94,374,19,134,4,41,0,0,0,0
0.4271064501625656,5.1064030111592835,0.6455078125,363,1966,240,1056,41,275,0,0,0,0,0,0
0.2172291266372985,13.957798558269655,0.984375,16,86,10,44,2,12,0,0,0,0,0,0
0.6813838902268321,12.141150478260577,0.1298828125,891,6604,87,436,40,268,21,150,5,38,1,8
0.6243470930681547,12.058317102400643,0.2841796875,733,5336,127,652,62,412,23,183,3,21,0,0
0.7377997650165284,13.359304558940954,0.0546875,968,7318,62,326,34,220,15,110,5,41,2,13
0.7070300003817682,5.812230987781032,0.1591796875,861,6050,231,1220,102,703,23,194,1,7,0,0
0.7114331077615934,14.367701158512743,0.009765625,1014,7698,24,116,14,76,11,58,5,25,3,12
0.43557709802498157,6.964577689383203,0.6279296875,381,2248,207,952,58,389,0,0,0,0,0,0
0.35351016564885396,9.24806365378684,0.841796875,162,870,87,336,21,124,1,7,0,0,0,0
0.5095399571143544,10.418283799753691,0.50390625,508,3464,139,638,59,380,16,137,0,0,0,0
0.2805704912283316,5.017787266198073,0.857421875,146,596,107,348,13,60,0,0,0,0,0,0
0.6898485809541922,8.47627098991077,0.21875,800,5678,185,922,77,520,24,193,2,32,0,0
0.3819943719754242,9.92827578334308,0.6884765625,319,2108,115,544,36,264,8,70,0,0,0,0
0.5642946757285405,13.882765548823125,0.396484375,618,4418,108,486,50,299,18,148,3,37,0,0
0.6979545008412399,7.7414225760507325,0.0966796875,925,6760,118,600,57,373,21,152,4,37,1,13
0.3590534015081722,7.058234594524756,0.8251953125,179,914,110,434,23,125,0,0,0,0,0,0
0.33405075638041726,12.405867526331063,0.826171875,178,1110,67,286,21,128,4,31,0,0,0,0
0.6073176006557282,7.358224092122192,0.2685546875,749,5238,191,924,82,539,26,235,0,0,0,0
0.43707281454962277,14.613343667350758,0.6591796875,349,2364,115,520,34,249,11,101,0,0,0,0
0.5971323187562256,9.226290565418452,0.24609375,772,5514,139,684,67,434,32,246,1,7,0,0
0.40436520890446703,6.850783441090867,0.7080078125,299,1772,155,684,44,295,1,12,0,0,0,0
0.2399444486978109,10.39625463623005,0.912109375,90,482,51,212,13,71,0,0,0,0,0,0
0.6720382718787012,10.486164082155565,0.220703125,798,5736,117,542,51,319,28,210,4,21,0,0
0.5548047757305791,6.11533723214528,0.3876953125,627,4020,294,1424,87,639,6,56,0,0,0,0
0.6675750671232888,7.227015072117249,0.1884765625,831,5874,195,1002,92,608,18,161,3,31,0,0
0.7887468494295473,9.753653610663271,0.015625,1008,7626,30,146,22,114,16,89,7,44,2,9
0.30596856563405084,11.651825828020035,0.7578125,248,1566,116,560,36,255,2,20,0,0,0,0
0.7081903972938786,7.602334760168517,0.109375,912,6700,111,554,51,337,10,90,7,69,1,15
0.6318342820737308,12.235125645960656,0.2666015625,751,5298,157,770,70,452,28,220,1,7,0,0
0.29088915339355126,10.806732581479993,0.92578125,76,428,46,204,10,68,0,0,0,0,0,0
0.24861584389128236,13.972725068223898,0.953125,48,300,24,116,8,59,0,0,0,0,0,0
0.5587431671822266,8.275333152995428,0.3720703125,643,4392,178,866,75,493,20,156,0,0,0,0
0.7932974796429464,14.494392684195104,0.0009765625,1023,7802,15,74,12,62,9,45,6,28,3,12
0.6505397397126519,13.931077506723112,0.2421875,776,5614,116,530,52,327,26,194,4,41,0,0
0.6296958554810645,5.5595512831364315,0.2470703125,771,5186,267,1322,88,634,20,177,0,0,0,0
0.423764309245211,7.220211839526849,0.638671875,370,2262,172,772,50,333,4,43,0,0,0,0
0.3263926412325302,13.940415534602886,0.943359375,58,288,34,118,8,48,0,0,0,0,0,0
0.4864954850020531,12.328993805373914,0.630859375,378,2564,111,502,45,288,7,68,1,12,0,0
0.6927360433256399,11.996626855134158,0.1669921875,853,6298,97,460,44,279,24,171,7,58,0,0
0.27903192219353473,9.583332330485991,0.85546875,148,880,76,340,24,159,0,0,0,0,0,0
0.4393106253804156,13.463518416101328,0.5830078125,427,2886,130,602,51,334,12,107,0,0,0,0
0.7223495893423704,10.002721076752566,0.09765625,924,6858,99,484,47,295,21,157,9,80,0,0
0.7213903319226442,11.279334059266372,0.0107421875,1013,7694,32,150,19,106,13,77,8,47,2,10
0.30835074093005,9.897886657700834,0.818359375,186,1138,84,358,22,152,3,31,0,0,0,0
0.5879018776211885,11.290250762517662,0.3857421875,629,4306,167,782,66,436,18,158,1,16,0,0
0.7814847875766913,6.961351558067629,0.0625,960,7128,108,576,56,376,29,212,7,51,0,0
0.53513140634464,11.99826386655405,0.4755859375,537,3674,150,710,65,412,12,110,1,15,0,0
0.726579318875048,9.836271155521562,0.146484375,874,6358,136,692,66,427,33,235,3,26,0,0
0.47920764030140023,11.270467668338995,0.5126953125,499,3446,142,686,55,386,16,129,0,0,0,0
0.6681430814322045,5.513604503503986,0.193359375,826,5758,208,1034,94,623,28,249,0,0,0,0
0.43514955103435227,12.799291982431157,0.68359375,324,2052,117,508,37,234,8,51,0,0,0,0
0.20466800072608554,10.963849834613969,0.9189453125,83,490,44,204,13,86,0,0,0,0,0,0
0.35630750465342637,12.265452383624776,0.6865234375,321,2090,111,516,38,250,8,61,0,0,0,0
0.529859983761569,12.192829986257204,0.4306640625,583,4018,151,682,52,354,19,153,1,17,0,0
0.47399315689412724,10.991216186616894,0.544921875,466,3150,130,596,56,351,14,114,0,0,0,0
0.49284712417713494,5.153271344068598,0.5263671875,485,2794,257,1118,68,441,2,21,0,0,0,0
0.3481868553674245,6.5017805288605155,0.8623046875,141,726,90,354,17,107,0,0,0,0,0,0
0.4339636424425844,14.328330530626115,0.6142578125,395,2792,101,500,46,302,9,88,1,18,0,0
0.4038613842548774,10.57612009902559,0.5908203125,419,2866,134,656,55,380,10,89,0,0,0,0
0.2941079712658443,7.989700769159952,0.9365234375,65,330,38,140,9,50,0,0,0,0,0,0
0.4280420488163425,11.248467921079992,0.7001953125,307,1996,100,452,37,237,8,58,0,0,0,0
0.3382677173126357,10.625530167786774,0.78125,224,1416,104,502,36,249,1,13,0,0,0,0
0.4484554439644851,12.608556389903804,0.6865234375,321,2120,99,452,34,223,10,70,0,0,0,0
0.23929045232868346,13.044486535636313,0.8720703125,131,794,59,260,20,130,1,8,0,0,0,0
0.5961041240120826,7.169073920644655,0.28515625,732,5016,192,934,88,567,23,188,0,0,0,0
0.7120671672781844,11.5447151944615,0.1044921875,917,6800,89,436,44,272,18,127,6,40,1,8
0.5020389944609944,7.167113811260427,0.447265625,566,3658,230,1102,80,557,8,67,0,0,0,0
0.683924781129129,8.654462757285128,0.130859375,890,6424,152,752,70,444,24,186,5,52,0,0
0.6167613980601432,10.709510318044599,0.1533203125,867,6360,123,626,68,433,29,224,4,33,0,0
0.28266922230745534,14.982842765809918,0.8837890625,119,826,41,212,18,132,2,21,0,0,0,0
0.5020472536210758,12.73783854264735,0.419921875,594,4232,141,714,63,425,22,179,0,0,0,0
0.4235042576433131,9.033175388840625,0.6240234375,385,2474,157,722,52,359,6,61,0,0,0,0
0.43728908219772905,7.621697038569337,0.5810546875,429,2722,201,960,64,460,3,36,0,0,0,0
0.5384010051265143,9.89754026862987,0.419921875,594,4054,177,846,67,457,14,133,1,6,0,0
0.4287749714749487,14.083144431183182,0.7333984375,273,1752,99,434,34,214,6,59,0,0,0,0
0.7811880809906686,7.3164583033770825,0.076171875,946,6990,79,388,45,273,21,136,6,51,1,12
0.6752485020311387,8.739155719263188,0.201171875,818,5862,152,742,66,429,23,169,4,41,0,0
0.6698355153466752,8.904374660434502,0.1728515625,847,6134,181,960,82,586,31,256,1,5,0,0
0.3775063355797653,8.61449325999546,0.720703125,286,1746,112,492,38,231,5,28,0,0,0,0
0.7041607517457167,14.130164891570804,0.2001953125,819,6004,108,528,45,291,20,147,7,62,0,0
0.27957013603420516,10.93957410005538,0.916015625,86,472,53,226,11,73,0,0,0,0,0,0
0.449908579449367,7.84120012864973,0.63671875,372,2290,180,808,48,343,4,48,0,0,0,0
0.5702076569989463,13.364189484933936,0.2958984375,721,5130,133,632,68,410,24,178,2,23,0,0
0.5721321630601226,8.978198293669259,0.4013671875,613,4162,163,746,58,374,15,111,2,23,0,0
0.5407121738303042,8.553924213943082,0.3935546875,621,4220,204,1040,91,621,12,97,0,0,0,0
0.4390305686277442,9.505238846661957,0.673828125,334,2086,151,688,45,314,4,43,0,0,0,0
0.42814612393739876,12.595273707236139,0.7822265625,223,1466,91,440,32,222,3,36,0,0,0,0
0.3121228499284049,8.145794689858274,0.8251953125,179,1026,104,470,25,166,0,0,0,0,0,0
0.7523882599552385,5.298461354878575,0.05859375,964,7088,157,854,85,560,30,237,4,39,0,0
0.7095287747763994,14.034684661688079,0.048828125,974,7314,47,242,33,193,17,108,5,28,2,14
0.44310353690914733,11.990474647048458,0.7099609375,297,1922,99,424,34,212,8,70,0,0,0,0
0.5387476905428805,7.595487648101513,0.431640625,582,3782,198,872,60,402,17,143,0,0,0,0
0.7756940767702585,5.997336942744587,0.0849609375,937,6826,145,786,84,554,29,212,4,23,0,0
0.361513769723963,6.8172590599227565,0.8154296875,189,972,117,460,24,137,0,0,0,0,0,0
0.26540551755262987,9.038681322489214,0.9248046875,77,436,41,172,12,78,0,0,0,0,0,0
0.21665062577381428,13.249317906641586,0.9599609375,41,216,23,92,6,33,0,0,0,0,0,0
0.33866504306638934,8.654907487306057,0.791015625,214,1266,112,498,34,234,0,0,0,0,0,0
0.2550015423797661,14.008968000000898,0.9287109375,73,446,40,194,11,81,0,0,0,0,0,0
0.2660964626287152,5.601299282036206,0.88671875,116,498,77,254,13,57,0,0,0,0,0,0
0.6072623891087982,8.094205115752093,0.296875,720,4956,204,970,80,546,19,179,1,16,0,0
0.731523579846995,7.912509036440014,0.109375,912,6688,123,598,59,379,23,182,7,68,0,0
0.7832732886157217,9.993530555039904,0.064453125,958,7150,70,366,44,263,23,151,6,32,1,9
0.7700612010521628,11.176347001158138,0.0439453125,979,7380,73,396,42,276,25,169,10,66,0,0
0.674454973622066,5.455517975911991,0.212890625,806,5552,257,1332,95,667,22,200,0,0,0,0
0.2371055260030117,5.383967017862737,0.9306640625,71,268,53,168,6,20,0,0,0,0,0,0
0.7596182851440565,5.342157099027215,0.0576171875,965,7078,146,806,85,565,31,244,4,36,0,0
0.5012791448926723,13.139769312174948,0.501953125,510,3596,126,606,56,371,18,159,0,0,0,0
0.6542130167351621,14.833287252785038,0.2412109375,777,5686,69,292,32,179,11,84,2,24,2,24
0.39050556409966763,8.122754160467913,0.8525390625,151,818,88,350,17,113,1,8,0,0,0,0
0.7173306597513724,6.1958740816402464,0.1162109375,905,6516,143,700,74,448,21,172,6,63,0,0
0.48379195834508876,8.983158288039974,0.5830078125,427,2734,148,634,45,284,12,105,0,0,0,0
0.5640735514343207,6.172389881005913,0.3466796875,669,4400,261,1282,96,671,10,82,0,0,0,0
0.3643630901280872,5.188678423754243,0.8017578125,203,990,131,482,24,144,0,0,0,0,0,0
0.6465882587947385,10.314940653291568,0.2119140625,807,5808,156,788,81,519,26,211,2,19,0,0
0.6348471186783534,7.566781373644566,0.2119140625,807,5764,165,818,74,490,23,198,3,41,0,0
0.3027658262504459,11.914998516004694,0.7900390625,215,1350,89,400,30,197,3,30,0,0,0,0
0.7155899705066218,9.993228253370521,0.0830078125,939,6958,102,532,55,352,28,190,7,57,0,0
0.43185937083554476,7.776000216517234,0.6875,320,1986,161,762,49,350,1,11,0,0,0,0
0.2638226491487404,8.64159465678439,0.8818359375,121,658,73,316,16,98,0,0,0,0,0,0
0.45383671529930597,10.110192214745929,0.6376953125,371,2492,134,650,47,322,8,83,0,0,0,0
0.4989998998273279,5.102362159668199,0.517578125,494,2844,293,1350,63,432,1,8,0,0,0,0
0.24502247281085368,6.470802465721621,0.91015625,92,446,62,246,10,49,0,0,0,0,0,0
0.6762572122106909,7.232867680449773,0.1435546875,877,6368,151,770,66,458,24,200,5,55,0,0
0.48418114878347707,6.909692702040376,0.5244140625,487,3076,211,974,68,462,6,56,0,0,0,0
0.21959925230889835,9.976463301139384,0.994140625,6,22,3,6,1,2,0,0,0,0,0,0
0.7479471629054277,14.139339770170347,0.13671875,884,6514,74,356,42,241,17,108,6,45,1,12
0.3568866261426631,12.699240089797092,0.88671875,116,662,68,298,16,109,0,0,0,0,0,0
0.2785798333709434,14.614512217170294,0.947265625,54,292,36,158,6,39,0,0,0,0,0,0
0.2661511945368291,13.431469165589851,0.9658203125,35,166,23,84,4,20,0,0,0,0,0,0
0.6048284864405662,6.950078772324858,0.2978515625,719,4988,236,1196,85,626,19,183,0,0,0,0
0.6367212146212882,13.828790937353842,0.083984375,938,7020,62,324,40,253,23,158,10,58,0,0
0.6671092306817401,9.148559498827252,0.0966796875,925,6924,94,466,49,315,25,189,4,41,1,10
0.23571162600327897,7.41909534416807,0.9345703125,67,342,43,166,8,51,0,0,0,0,0,0
0.23242875578330882,13.05589817106778,0.9404296875,61,382,28,122,7,54,1,12,0,0,0,0
0.33334686428066507,14.368963704487708,0.7294921875,277,1848,94,438,33,227,7,60,0,0,0,0
0.6080209617220131,14.67830596824237,0.123046875,898,6706,103,542,49,338,22,167,8,76,0,0
0.3317916136241438,8.773884128216485,0.8388671875,165,986,81,374,24,152,1,7,0,0,0,0
0.6946345711934744,8.832757492517327,0.11328125,908,6670,122,658,70,460,28,200,5,31,0,0
0.7017931880998414,12.836614984796043,0.1025390625,919,6830,73,358,34,210,14,103,4,31,2,17
0.20985639348974036,8.96811266902368,0.9521484375,49,250,37,156,4,30,0,0,0,0,0,0
0.48767795967816446,10.102491151960256,0.587890625,422,2676,173,782,59,398,6,59,0,0,0,0
0.4370597419908645,14.763833681173201,0.6474609375,361,2518,103,492,38,267,12,110,0,0,0,0
0.7799946400596494,5.423239526613263,0.0712890625,951,6956,156,800,73,485,32,255,4,32,0,0
0.36324974271178834,13.709849327956253,0.7119140625,295,1960,106,500,35,242,7,63,0,0,0,0
0.7295166428734752,6.566521501716432,0.1240234375,897,6480,162,820,73,482,27,209,4,37,0,0
0.5329936566393074,5.8382661602637125,0.44140625,572,3544,266,1248,82,556,5,40,0,0,0,0
0.7566037604847606,10.621128420259621,0.0927734375,929,6864,86,428,53,315,25,173,8,53,0,0
0.6873283643185677,12.716482524954213,0.013671875,1010,7658,32,168,22,128,12,66,8,40,2,10
0.5205410111531009,12.744391260470074,0.46484375,548,3854,128,620,52,354,18,134,1,9,0,0
0.5631155724973573,11.679585550788504,0.39453125,620,4290,128,564,56,336,19,130,2,22,0,0
0.6676552104425522,14.056395787184627,0.13671875,884,6572,86,424,46,278,19,131,5,38,1,8
0.33252973455920287,5.725162374869049,0.8720703125,131,592,95,332,12,73,0,0,0,0,0,0
0.5051413094320221,12.330949337848756,0.453125,560,3918,140,676,56,383,17,134,1,9,0,0
0.7405195082670144,12.083783176412677,0.09375,928,6966,67,332,35,212,15,102,8,58,1,6
0.5887198660386117,7.383299833830411,0.2666015625,751,5324,157,732,62,409,18,157,4,47,0,0
0.7322065627701964,8.724686370634576,0.119140625,902,6606,152,794,74,495,28,216,4,43,0,0
0.6571037019459184,7.385370293915332,0.20703125,812,5736,191,960,87,584,22,203,2,31,0,0
0.5180352018279684,13.046804804079212,0.408203125,606,4310,165,838,71,499,11,120,2,28,0,0
0.2671766711989051,7.191735015892102,0.859375,144,752,90,378,18,101,0,0,0,0,0,0
0.22332761693961414,14.59532914505606,0.9599609375,41,220,26,106,5,32,0,0,0,0,0,0
0.7643087973981222,12.309694391495533,0.072265625,950,7062,77,380,35,229,20,132,11,65,0,0
0.39946832955595013,7.509664154894184,0.732421875,274,1638,139,608,37,256,2,20,0,0,0,0
0.5405600836360249,12.819912857213835,0.4560546875,557,3868,134,626,61,388,20,169,0,0,0,0
0.41990936931000783,9.311053650554467,0.708984375,298,1778,145,632,39,259,3,30,0,0,0,0
0.2538208906166115,6.923451115043353,0.9033203125,99,522,66,278,11,74,0,0,0,0,0,0
0.5185164621126908,14.933190903923824,0.35546875,660,4734,132,648,56,361,14,119,4,41,0,0
0.31263920807455836,9.548137781660543,0.8388671875,165,1012,69,310,24,145,2,18,0,0,0,0
0.6866319343233007,5.567968914871939,0.1796875,840,5880,228,1186,112,740,23,195,0,0,0,0
0.23220652145702733,6.6497340697432,0.88671875,116,546,86,332,10,62,0,0,0,0,0,0
0.5271959420041503,8.886259271650708,0.42578125,588,4030,189,940,77,534,14,129,0,0,0,0
0.6162894329807947,9.548180121934594,0.3125,704,4938,170,834,74,489,18,161,2,17,0,0
0.43679880555964457,14.848886446601671,0.611328125,398,2712,134,668,52,354,9,84,0,0,0,0
0.27700278710241405,8.943032260586872,0.939453125,62,290,38,134,8,38,0,0,0,0,0,0
0.5833000925662833,12.573015110629044,0.3134765625,703,5000,109,492,50,297,21,151,4,22,0,0
0.7182687639695904,13.52391096230001,0.1201171875,901,6692,70,344,33,202,13,84,4,22,2,11
0.7318834828933858,8.508994495881435,0.0517578125,971,7298,77,406,42,278,24,167,6,43,1,8
0.6649064718666928,7.493590857036044,0.1142578125,907,6566,166,848,79,520,34,278,2,22,0,0
0.2826157185644411,9.852951519843879,0.958984375,42,182,27,82,5,26,0,0,0,0,0,0
0.23052442155175137,11.306324209259987,0.931640625,70,404,37,160,11,76,0,0,0,0,0,0
0.3687958874044943,7.334372499863165,0.7470703125,259,1522,151,696,36,257,0,0,0,0,0,0
0.6973664461938656,13.66197221039665,0.1875,832,6132,106,530,58,365,26,196,5,46,0,0
0.27157411348418015,5.36388615800072,0.8828125,120,572,72,256,16,76,0,0,0,0,0,0
0.6165725757758458,9.317325799180322,0.1884765625,831,5994,177,916,90,598,28,241,1,12,0,0
0.34922766715487574,8.934693013048932,0.7275390625,279,1662,126,538,39,245,3,28,0,0,0,0
0.2711828012604829,12.717833702319115,0.8291015625,175,1060,73,316,26,162,2,17,0,0,0,0
0.54893587925869,13.918179538229712,0.3115234375,705,5082,138,716,73,477,25,188,1,16,0,0
0.27669106245122643,9.116951713897826,0.9091796875,93,538,45,178,12,79,1,11,0,0,0,0
0.7120384237385975,11.531450076062892,0.09765625,924,6844,84,440,48,298,26,166,8,42,0,0
0.5933194962464022,7.2970494509494905,0.2666015625,751,5250,241,1266,102,733,17,163,0,0,0,0
0.4859865082009136,5.529500717793682,0.4912109375,521,3170,257,1202,80,534,2,18,0,0,0,0
0.6031549830370239,9.076900172612808,0.2451171875,773,5590,143,716,66,446,24,211,3,24,0,0
0.5443155259618975,14.6447651800532,0.2958984375,721,5226,154,778,69,470,22,194,2,25,0,0
0.30696941530012584,12.467819113833652,0.796875,208,1288,88,386,28,168,3,32,0,0,0,0
0.47801853309943304,11.118295943315468,0.4970703125,515,3606,131,638,56,382,18,153,0,0,0,0
0.7981240410564683,10.829085373725269,0.0087890625,1015,7708,25,110,14,69,7,36,6,29,3,11
0.32491391225529775,9.651136762623093,0.8056640625,199,1220,106,518,31,220,0,0,0,0,0,0
0.6546683525146153,12.928462242735703,0.166015625,854,6296,65,300,35,199,13,84,7,48,1,8
0.21672115168419692,14.099724236684319,1.0,0,0,0,0,0,0,0,0,0,0,0,0
0.5173138809094577,12.049074846030168,0.46875,544,3812,163,804,63,458,16,165,0,0,0,0
0.22119872035702837,7.348177891165387,0.939453125,62,304,50,208,4,32,0,0,0,0,0,0
0.6926098082316879,8.64113492532244,0.076171875,946,7038,115,612,53,362,20,155,9,73,0,0
0.2572618048769096,8.282625353110209,0.9775390625,23,84,17,48,2,7,0,0,0,0,0,0
0.7781032561157626,6.3187561076248535,0.0576171875,965,7110,140,764,75,514,34,264,4,27,0,0
