Threshold,VanillaPathTime,QuadGenTime,QuadPathTime
0.4,0,0.06856298446655273,0.06856298446655273
0.40030030030030034,0,0.050302982330322266,0.050302982330322266
0.4006006006006006,0,0.08462190628051758,0.08462190628051758
0.4009009009009009,0.0009131431579589844,0.05747675895690918,0.0724177360534668
0.40120120120120123,0,0.05630064010620117,0.05630064010620117
0.40150150150150155,0,0.08982396125793457,0.08982396125793457
0.4018018018018018,0,0.0490422248840332,0.0490422248840332
0.4021021021021021,0,0.04408073425292969,0.04408073425292969
0.40240240240240244,0,0.08385491371154785,0.08385491371154785
0.4027027027027027,0,0.042781829833984375,0.042781829833984375
0.403003003003003,0,0.08221793174743652,0.08221793174743652
0.40330330330330333,0,0.0440211296081543,0.0440211296081543
0.40360360360360364,0,0.043443918228149414,0.043443918228149414
0.4039039039039039,0,0.09473681449890137,0.09473681449890137
0.4042042042042042,0,0.05618000030517578,0.05618000030517578
0.40450450450450454,0,0.0668938159942627,0.0668938159942627
0.40480480480480485,0,0.09461092948913574,0.09461092948913574
0.4051051051051051,0,0.04267406463623047,0.04267406463623047
0.40540540540540543,0,0.08226990699768066,0.08226990699768066
0.40570570570570574,0,0.04222416877746582,0.04222416877746582
0.406006006006006,0,0.044116973876953125,0.044116973876953125
0.4063063063063063,0,0.08548212051391602,0.08548212051391602
0.40660660660660664,0,0.04283285140991211,0.04283285140991211
0.40690690690690695,0,0.04273200035095215,0.04273200035095215
0.4072072072072072,0,0.04432797431945801,0.04432797431945801
0.4075075075075075,0,0.0432279109954834,0.0432279109954834
0.40780780780780784,0,0.07706022262573242,0.07706022262573242
0.4081081081081081,0,0.04330706596374512,0.04330706596374512
0.4084084084084084,0,0.04362821578979492,0.04362821578979492
0.40870870870870873,0.0012307167053222656,0.09569692611694336,0.11093306541442871
0.40900900900900905,0,0.05358600616455078,0.05358600616455078
0.4093093093093093,0,0.0938880443572998,0.0938880443572998
0.4096096096096096,0,0.04347395896911621,0.04347395896911621
0.40990990990990994,0,0.0439760684967041,0.0439760684967041
0.4102102102102102,0,0.08574604988098145,0.08574604988098145
0.4105105105105105,0,0.04244184494018555,0.04244184494018555
0.41081081081081083,0,0.04259824752807617,0.04259824752807617
0.41111111111111115,0.001051187515258789,0.084503173828125,0.09711909294128418
0.4114114114114114,0,0.043066978454589844,0.043066978454589844
0.4117117117117117,0,0.08101296424865723,0.08101296424865723
0.41201201201201204,0,0.04283285140991211,0.04283285140991211
0.41231231231231236,0,0.04192614555358887,0.04192614555358887
0.4126126126126126,0,0.08541202545166016,0.08541202545166016
0.41291291291291293,0,0.042124032974243164,0.042124032974243164
0.41321321321321325,0,0.04185199737548828,0.04185199737548828
0.4135135135135135,0,0.08588171005249023,0.08588171005249023
0.4138138138138138,0,0.04161190986633301,0.04161190986633301
0.41411411411411414,0,0.04323101043701172,0.04323101043701172
0.41441441441441446,0,0.04740095138549805,0.04740095138549805
0.4147147147147147,0,0.04616093635559082,0.04616093635559082
0.41501501501501503,0,0.07772588729858398,0.07772588729858398
0.41531531531531535,0,0.043324947357177734,0.043324947357177734
0.4156156156156156,0,0.0432438850402832,0.0432438850402832
0.4159159159159159,0,0.08324694633483887,0.08324694633483887
0.41621621621621624,0,0.04375481605529785,0.04375481605529785
0.41651651651651656,0,0.04228496551513672,0.04228496551513672
0.4168168168168168,0,0.08487176895141602,0.08487176895141602
0.41711711711711713,0,0.04216408729553223,0.04216408729553223
0.41741741741741745,0,0.08404207229614258,0.08404207229614258
0.4177177177177177,0,0.0426030158996582,0.0426030158996582
0.418018018018018,0,0.043875932693481445,0.043875932693481445
0.41831831831831834,0,0.08492612838745117,0.08492612838745117
0.41861861861861865,0,0.04289984703063965,0.04289984703063965
0.4189189189189189,0,0.043701887130737305,0.043701887130737305
0.41921921921921923,0,0.09332585334777832,0.09332585334777832
0.41951951951951955,0,0.055283308029174805,0.055283308029174805
0.41981981981981986,0,0.08896613121032715,0.08896613121032715
0.4201201201201201,0,0.046622276306152344,0.046622276306152344
0.42042042042042044,0,0.041166067123413086,0.041166067123413086
0.42072072072072075,0,0.08626413345336914,0.08626413345336914
0.421021021021021,0,0.043350934982299805,0.043350934982299805
0.42132132132132133,0,0.042489051818847656,0.042489051818847656
0.42162162162162165,0,0.08286595344543457,0.08286595344543457
0.42192192192192196,0,0.04167318344116211,0.04167318344116211
0.4222222222222222,0,0.04076790809631348,0.04076790809631348
0.42252252252252254,0,0.08279013633728027,0.08279013633728027
0.42282282282282285,0,0.040934085845947266,0.040934085845947266
0.42312312312312317,0,0.07955718040466309,0.07955718040466309
0.42342342342342343,0,0.04151177406311035,0.04151177406311035
0.42372372372372374,0,0.04021286964416504,0.04021286964416504
0.42402402402402406,0,0.09168815612792969,0.09168815612792969
0.4243243243243243,0.0008571147918701172,0.061372995376586914,0.08166098594665527
0.42462462462462464,0,0.05463910102844238,0.05463910102844238
0.42492492492492495,0,0.09555673599243164,0.09555673599243164
0.42522522522522527,0,0.04131293296813965,0.04131293296813965
0.4255255255255255,0.0006570816040039062,0.08727884292602539,0.1019890308380127
0.42582582582582584,0,0.041924238204956055,0.041924238204956055
0.42612612612612616,0,0.042122840881347656,0.042122840881347656
0.4264264264264264,0,0.08668327331542969,0.08668327331542969
0.42672672672672673,0,0.04131889343261719,0.04131889343261719
0.42702702702702705,0,0.043801069259643555,0.043801069259643555
0.42732732732732737,0,0.08373403549194336,0.08373403549194336
0.4276276276276276,0,0.04216909408569336,0.04216909408569336
0.42792792792792794,0,0.07829928398132324,0.07829928398132324
0.42822822822822826,0,0.04587697982788086,0.04587697982788086
0.4285285285285285,0,0.08234381675720215,0.08234381675720215
0.42882882882882883,0,0.10670304298400879,0.10670304298400879
0.42912912912912915,0,0.04093194007873535,0.04093194007873535
0.42942942942942947,0,0.0438237190246582,0.0438237190246582
0.4297297297297297,0,0.09338188171386719,0.09338188171386719
0.43003003003003004,0,0.04604220390319824,0.04604220390319824
0.43033033033033036,0,0.042634010314941406,0.042634010314941406
0.4306306306306307,0,0.0894930362701416,0.0894930362701416
0.43093093093093093,0,0.04579281806945801,0.04579281806945801
0.43123123123123125,0,0.07716012001037598,0.07716012001037598
0.43153153153153156,0,0.040228843688964844,0.040228843688964844
0.4318318318318318,0,0.040177345275878906,0.040177345275878906
0.43213213213213214,0,0.08184313774108887,0.08184313774108887
0.43243243243243246,0,0.04102301597595215,0.04102301597595215
0.4327327327327327,0,0.043653011322021484,0.043653011322021484
0.43303303303303303,0,0.08443689346313477,0.08443689346313477
0.43333333333333335,0,0.04255104064941406,0.04255104064941406
0.43363363363363366,0,0.043047189712524414,0.043047189712524414
0.433933933933934,0,0.08089709281921387,0.08089709281921387
0.43423423423423424,0,0.04025983810424805,0.04025983810424805
0.43453453453453456,0.0006358623504638672,0.07685685157775879,0.09118008613586426
0.43483483483483487,0,0.04546809196472168,0.04546809196472168
0.43513513513513513,0,0.04558587074279785,0.04558587074279785
0.43543543543543545,0.0010619163513183594,0.09251570701599121,0.1077108383178711
0.43573573573573576,0,0.040593862533569336,0.040593862533569336
0.436036036036036,0,0.03959298133850098,0.03959298133850098
0.43633633633633634,0,0.08295774459838867,0.08295774459838867
0.43663663663663665,0.0007348060607910156,0.0389859676361084,0.05310797691345215
0.43693693693693697,0,0.09041523933410645,0.09041523933410645
0.43723723723723723,0,0.050280094146728516,0.050280094146728516
0.43753753753753755,0,0.04675626754760742,0.04675626754760742
0.43783783783783786,0,0.08260321617126465,0.08260321617126465
0.4381381381381382,0,0.04684591293334961,0.04684591293334961
0.43843843843843844,0,0.045172929763793945,0.045172929763793945
0.43873873873873875,0,0.10553288459777832,0.10553288459777832
0.43903903903903907,0,0.051939964294433594,0.051939964294433594
0.43933933933933933,0,0.04509878158569336,0.04509878158569336
0.43963963963963965,0,0.08345603942871094,0.08345603942871094
0.43993993993993996,0,0.03940916061401367,0.03940916061401367
0.4402402402402403,0,0.03936886787414551,0.03936886787414551
0.44054054054054054,0,0.04012274742126465,0.04012274742126465
0.44084084084084085,0,0.03983592987060547,0.03983592987060547
0.44114114114114117,0,0.0748128890991211,0.0748128890991211
0.4414414414414415,0,0.04033493995666504,0.04033493995666504
0.44174174174174174,0,0.0401301383972168,0.0401301383972168
0.44204204204204206,0,0.08314299583435059,0.08314299583435059
0.4423423423423424,0,0.039865732192993164,0.039865732192993164
0.44264264264264264,0,0.03949999809265137,0.03949999809265137
0.44294294294294295,0,0.08429527282714844,0.08429527282714844
0.44324324324324327,0,0.04435992240905762,0.04435992240905762
0.44354354354354353,0,0.04038381576538086,0.04038381576538086
0.44384384384384384,0,0.08252072334289551,0.08252072334289551
0.44414414414414416,0,0.04189896583557129,0.04189896583557129
0.4444444444444445,0,0.07866382598876953,0.07866382598876953
0.44474474474474474,0,0.04226827621459961,0.04226827621459961
0.44504504504504505,0,0.04189491271972656,0.04189491271972656
0.44534534534534537,0,0.08503389358520508,0.08503389358520508
0.4456456456456457,0,0.045185089111328125,0.045185089111328125
0.44594594594594594,0,0.044744014739990234,0.044744014739990234
0.44624624624624626,0,0.0857391357421875,0.0857391357421875
0.4465465465465466,0,0.03853487968444824,0.03853487968444824
0.44684684684684683,0,0.03953194618225098,0.03953194618225098
0.44714714714714715,0,0.07760000228881836,0.07760000228881836
0.44744744744744747,0,0.04032158851623535,0.04032158851623535
0.4477477477477478,0,0.0414731502532959,0.0414731502532959
0.44804804804804804,0,0.08149290084838867,0.08149290084838867
0.44834834834834836,0,0.03892803192138672,0.03892803192138672
0.4486486486486487,0,0.08137297630310059,0.08137297630310059
0.448948948948949,0,0.04459786415100098,0.04459786415100098
0.44924924924924925,0,0.04059004783630371,0.04059004783630371
0.44954954954954957,0,0.07930994033813477,0.07930994033813477
0.4498498498498499,0,0.0385289192199707,0.0385289192199707
0.45015015015015014,0,0.03955388069152832,0.03955388069152832
0.45045045045045046,0,0.08062005043029785,0.08062005043029785
0.4507507507507508,0,0.03901100158691406,0.03901100158691406
0.45105105105105103,0,0.04114699363708496,0.04114699363708496
0.45135135135135135,0,0.0792090892791748,0.0792090892791748
0.45165165165165166,0,0.04006505012512207,0.04006505012512207
0.451951951951952,0,0.038553714752197266,0.038553714752197266
0.45225225225225224,0,0.0935208797454834,0.0935208797454834
0.45255255255255256,0,0.05014920234680176,0.05014920234680176
0.45285285285285287,0,0.044161081314086914,0.044161081314086914
0.4531531531531532,0,0.04369306564331055,0.04369306564331055
0.45345345345345345,0,0.039086103439331055,0.039086103439331055
0.45375375375375376,0,0.07291817665100098,0.07291817665100098
0.4540540540540541,0,0.039646148681640625,0.039646148681640625
0.45435435435435434,0,0.03853297233581543,0.03853297233581543
0.45465465465465466,0,0.08095908164978027,0.08095908164978027
0.45495495495495497,0,0.03957319259643555,0.03957319259643555
0.4552552552552553,0,0.04267382621765137,0.04267382621765137
0.45555555555555555,0,0.08710789680480957,0.08710789680480957
0.45585585585585586,0,0.06905198097229004,0.06905198097229004
0.4561561561561562,0,0.043580055236816406,0.043580055236816406
0.4564564564564565,0,0.07967686653137207,0.07967686653137207
0.45675675675675675,0,0.038771867752075195,0.038771867752075195
0.45705705705705707,0.0108489990234375,0.03814888000488281,0.054351806640625
0.4573573573573574,0,0.041708946228027344,0.041708946228027344
0.45765765765765765,0,0.03856492042541504,0.03856492042541504
0.45795795795795796,0,0.07520270347595215,0.07520270347595215
0.4582582582582583,0,0.03918910026550293,0.03918910026550293
0.45855855855855854,0,0.04128885269165039,0.04128885269165039
0.45885885885885885,0,0.07818102836608887,0.07818102836608887
0.45915915915915917,0,0.03917431831359863,0.03917431831359863
0.4594594594594595,0.0007958412170410156,0.03930807113647461,0.05458807945251465
0.45975975975975975,0,0.08366227149963379,0.08366227149963379
0.46006006006006006,0,0.03736400604248047,0.03736400604248047
0.4603603603603604,0,0.03841805458068848,0.03841805458068848
0.4606606606606607,0,0.07246732711791992,0.07246732711791992
0.46096096096096095,0.03846383094787598,0.03657698631286621,0.05841708183288574
0.46126126126126127,0,0.040843963623046875,0.040843963623046875
0.4615615615615616,0.002197265625,0.07865691184997559,0.09420275688171387
0.46186186186186184,0,0.03942680358886719,0.03942680358886719
0.46216216216216216,0,0.07732200622558594,0.07732200622558594
0.4624624624624625,0,0.04018092155456543,0.04018092155456543
0.4627627627627628,0,0.042620182037353516,0.042620182037353516
0.46306306306306305,0,0.09693312644958496,0.09693312644958496
0.46336336336336337,0,0.04934287071228027,0.04934287071228027
0.4636636636636637,0,0.04169607162475586,0.04169607162475586
0.463963963963964,0,0.08070516586303711,0.08070516586303711
0.46426426426426426,0,0.03763890266418457,0.03763890266418457
0.4645645645645646,0,0.03753495216369629,0.03753495216369629
0.4648648648648649,0,0.07574295997619629,0.07574295997619629
0.46516516516516515,0,0.03751516342163086,0.03751516342163086
0.46546546546546547,0,0.037867069244384766,0.037867069244384766
0.4657657657657658,0,0.0765070915222168,0.0765070915222168
0.46606606606606604,0,0.04227781295776367,0.04227781295776367
0.46636636636636636,0.005074262619018555,0.03774690628051758,0.05530667304992676
0.4666666666666667,0,0.03678488731384277,0.03678488731384277
0.466966966966967,0.002562999725341797,0.037129878997802734,0.05392599105834961
0.4672672672672673,0,0.06997823715209961,0.06997823715209961
0.46756756756756757,0,0.04128098487854004,0.04128098487854004
0.4678678678678679,0,0.03763389587402344,0.03763389587402344
0.4681681681681682,0,0.07035708427429199,0.07035708427429199
0.46846846846846846,0,0.03816509246826172,0.03816509246826172
0.4687687687687688,0,0.03945779800415039,0.03945779800415039
0.4690690690690691,0,0.07692313194274902,0.07692313194274902
0.46936936936936935,0,0.03741288185119629,0.03741288185119629
0.46966966966966966,0.003484010696411133,0.0384221076965332,0.05525827407836914
0.46996996996997,0,0.07901501655578613,0.07901501655578613
0.4702702702702703,0,0.03681302070617676,0.03681302070617676
0.47057057057057056,0,0.04131889343261719,0.04131889343261719
0.4708708708708709,0,0.07799983024597168,0.07799983024597168
0.4711711711711712,0,0.037698984146118164,0.037698984146118164
0.4714714714714715,0,0.03764915466308594,0.03764915466308594
0.47177177177177176,0,0.07465291023254395,0.07465291023254395
0.4720720720720721,0,0.039234161376953125,0.039234161376953125
0.4723723723723724,0,0.036437034606933594,0.036437034606933594
0.47267267267267266,0,0.03850388526916504,0.03850388526916504
0.47297297297297297,0.0007131099700927734,0.03855085372924805,0.054216861724853516
0.4732732732732733,0,0.08017706871032715,0.08017706871032715
0.47357357357357355,0,0.04198908805847168,0.04198908805847168
0.47387387387387386,0,0.040113210678100586,0.040113210678100586
0.4741741741741742,0,0.07089400291442871,0.07089400291442871
0.4744744744744745,0,0.035665035247802734,0.035665035247802734
0.4747747747747748,0.0015490055084228516,0.035050153732299805,0.05141115188598633
0.47507507507507507,0,0.08228707313537598,0.08228707313537598
0.4753753753753754,0,0.03687596321105957,0.03687596321105957
0.4756756756756757,0,0.03731489181518555,0.03731489181518555
0.47597597597597596,0,0.07336807250976562,0.07336807250976562
0.4762762762762763,0,0.0478670597076416,0.0478670597076416
0.4765765765765766,0,0.04739689826965332,0.04739689826965332
0.47687687687687685,0.007046937942504883,0.08319592475891113,0.10209989547729492
0.47717717717717717,0.04188871383666992,0.03557085990905762,0.05776786804199219
0.4774774774774775,0,0.07193994522094727,0.07193994522094727
0.4777777777777778,0,0.0358881950378418,0.0358881950378418
0.4780780780780781,0,0.035974740982055664,0.035974740982055664
0.4783783783783784,0.0012090206146240234,0.0695810317993164,0.08543586730957031
0.4786786786786787,0,0.03645896911621094,0.03645896911621094
0.478978978978979,0.0023212432861328125,0.03587603569030762,0.05143094062805176
0.47927927927927927,0,0.07857394218444824,0.07857394218444824
0.4795795795795796,0.05916094779968262,0.03486776351928711,0.06167173385620117
0.4798798798798799,0,0.03597211837768555,0.03597211837768555
0.48018018018018016,0,0.07049083709716797,0.07049083709716797
0.4804804804804805,0,0.038079023361206055,0.038079023361206055
0.4807807807807808,0,0.03718400001525879,0.03718400001525879
0.48108108108108105,0,0.07448983192443848,0.07448983192443848
0.48138138138138137,0,0.0352330207824707,0.0352330207824707
0.4816816816816817,0,0.03507208824157715,0.03507208824157715
0.481981981981982,0,0.07470989227294922,0.07470989227294922
0.4822822822822823,0.024072885513305664,0.03638625144958496,0.05639147758483887
0.4825825825825826,0,0.07384562492370605,0.07384562492370605
0.4828828828828829,0,0.0356287956237793,0.0356287956237793
0.4831831831831832,0,0.03657793998718262,0.03657793998718262
0.48348348348348347,0,0.06863880157470703,0.06863880157470703
0.4837837837837838,0,0.03504586219787598,0.03504586219787598
0.4840840840840841,0,0.03791689872741699,0.03791689872741699
0.48438438438438436,0,0.07729697227478027,0.07729697227478027
0.4846846846846847,0.010029077529907227,0.04315185546875,0.06424188613891602
0.484984984984985,0.0028228759765625,0.040205955505371094,0.058715105056762695
0.4852852852852853,0,0.08602428436279297,0.08602428436279297
0.4855855855855856,0.0072231292724609375,0.03595995903015137,0.05394601821899414
0.4858858858858859,0,0.03574395179748535,0.03574395179748535
0.4861861861861862,0,0.06862497329711914,0.06862497329711914
0.4864864864864865,0,0.03567004203796387,0.03567004203796387
0.4867867867867868,0,0.039880990982055664,0.039880990982055664
0.4870870870870871,0.028051137924194336,0.0942080020904541,0.1202077865600586
0.4873873873873874,0,0.046936750411987305,0.046936750411987305
0.48768768768768767,0,0.04478907585144043,0.04478907585144043
0.487987987987988,0,0.08955717086791992,0.08955717086791992
0.4882882882882883,0,0.04377174377441406,0.04377174377441406
0.48858858858858856,0,0.03995800018310547,0.03995800018310547
0.4888888888888889,0,0.03839683532714844,0.03839683532714844
0.4891891891891892,0.0013420581817626953,0.034750938415527344,0.05167984962463379
0.4894894894894895,0.03763890266418457,0.08675098419189453,0.11651992797851562
0.4897897897897898,0.001695871353149414,0.06201767921447754,0.08932185173034668
0.4900900900900901,0.0013630390167236328,0.0459752082824707,0.06716418266296387
0.4903903903903904,0,0.08047699928283691,0.08047699928283691
0.4906906906906907,0.1253519058227539,0.045202016830444336,0.09184694290161133
0.49099099099099097,0.012208938598632812,0.03944706916809082,0.058927059173583984
0.4912912912912913,0,0.06757926940917969,0.06757926940917969
0.4915915915915916,0.03619813919067383,0.03503274917602539,0.05818915367126465
0.49189189189189186,0,0.06624913215637207,0.06624913215637207
0.4921921921921922,0.005638837814331055,0.03570818901062012,0.052880048751831055
0.4924924924924925,0,0.03364205360412598,0.03364205360412598
0.4927927927927928,0,0.07372784614562988,0.07372784614562988
0.4930930930930931,0,0.03671908378601074,0.03671908378601074
0.4933933933933934,0.0017828941345214844,0.03563809394836426,0.05293917655944824
0.4936936936936937,0.009554147720336914,0.07914113998413086,0.09681892395019531
0.493993993993994,0,0.035600900650024414,0.035600900650024414
0.4942942942942943,0,0.03586220741271973,0.03586220741271973
0.4945945945945946,0.004103899002075195,0.06957483291625977,0.08715581893920898
0.4948948948948949,0.010016918182373047,0.034880876541137695,0.05350303649902344
0.49519519519519517,0.01514291763305664,0.035791873931884766,0.1012728214263916
0.4954954954954955,0,0.04027295112609863,0.04027295112609863
0.4957957957957958,0.05834507942199707,0.03999781608581543,0.06927871704101562
0.49609609609609606,0,0.0769350528717041,0.0769350528717041
0.4963963963963964,0,0.07906818389892578,0.07906818389892578
0.4966966966966967,0,0.051357269287109375,0.051357269287109375
0.496996996996997,0,0.07839298248291016,0.07839298248291016
0.4972972972972973,0,0.03840899467468262,0.03840899467468262
0.4975975975975976,0.00596308708190918,0.03883504867553711,0.05857586860656738
0.4978978978978979,0,0.08911490440368652,0.08911490440368652
0.4981981981981982,0,0.037425994873046875,0.037425994873046875
0.4984984984984985,0,0.03505420684814453,0.03505420684814453
0.4987987987987988,0,0.06637692451477051,0.06637692451477051
0.4990990990990991,0,0.03397870063781738,0.03397870063781738
0.49939939939939937,0,0.03886699676513672,0.03886699676513672
0.4996996996996997,0,0.09357023239135742,0.09357023239135742
0.5,0,0.04408597946166992,0.04408597946166992
0.5003003003003003,0.006594181060791016,0.041192054748535156,0.06371903419494629
0.5006006006006006,0,0.09631586074829102,0.09631586074829102
0.5009009009009009,0.19117116928100586,0.0359649658203125,0.08743095397949219
0.5012012012012013,0.010422945022583008,0.0345458984375,0.05607795715332031
0.5015015015015015,0,0.07034993171691895,0.07034993171691895
0.5018018018018018,0,0.03530597686767578,0.03530597686767578
0.5021021021021022,0,0.030968904495239258,0.030968904495239258
0.5024024024024024,0,0.06646275520324707,0.06646275520324707
0.5027027027027027,0,0.03493618965148926,0.03493618965148926
0.503003003003003,0.0011589527130126953,0.03598284721374512,0.05561399459838867
0.5033033033033033,0,0.08224177360534668,0.08224177360534668
0.5036036036036036,0,0.0355679988861084,0.0355679988861084
0.5039039039039039,0.03249502182006836,0.03449511528015137,0.05613422393798828
0.5042042042042042,0.0022649765014648438,0.06463479995727539,0.08195066452026367
0.5045045045045045,0.0680990219116211,0.03232002258300781,0.0644521713256836
0.5048048048048048,0,0.049417972564697266,0.049417972564697266
0.5051051051051051,0.027585983276367188,0.09631204605102539,0.1225121021270752
0.5054054054054054,0.12473297119140625,0.034073829650878906,0.06733298301696777
0.5057057057057057,0.05674600601196289,0.030189037322998047,0.05295109748840332
0.506006006006006,0,0.08202886581420898,0.08202886581420898
0.5063063063063064,0.09915804862976074,0.03931713104248047,0.07257294654846191
0.5066066066066066,0.0023300647735595703,0.0344541072845459,0.09097504615783691
0.5069069069069069,0,0.0355839729309082,0.0355839729309082
0.5072072072072072,0,0.03440690040588379,0.03440690040588379
0.5075075075075075,0,0.03775835037231445,0.03775835037231445
0.5078078078078078,0.013208150863647461,0.0680241584777832,0.08913898468017578
0.5081081081081081,0.10979580879211426,0.03732180595397949,0.06829571723937988
0.5084084084084084,0,0.03428006172180176,0.03428006172180176
0.5087087087087088,0,0.035738229751586914,0.035738229751586914
0.509009009009009,0.010584115982055664,0.030876874923706055,0.05013680458068848
0.5093093093093093,0,0.03025507926940918,0.03025507926940918
0.5096096096096097,0,0.06732630729675293,0.06732630729675293
0.5099099099099099,0,0.03488016128540039,0.03488016128540039
0.5102102102102102,0,0.03544902801513672,0.03544902801513672
0.5105105105105106,0,0.08157491683959961,0.08157491683959961
0.5108108108108108,0,0.0350651741027832,0.0350651741027832
0.5111111111111111,0,0.03644084930419922,0.03644084930419922
0.5114114114114114,0.07128119468688965,0.08455896377563477,0.11103582382202148
0.5117117117117117,0,0.03479599952697754,0.03479599952697754
0.512012012012012,0,0.032556772232055664,0.032556772232055664
0.5123123123123123,0.025583982467651367,0.06764674186706543,0.08770179748535156
0.5126126126126126,0.002015829086303711,0.03169083595275879,0.04887580871582031
0.5129129129129129,0.07235312461853027,0.03246474266052246,0.09676265716552734
0.5132132132132132,0.10945701599121094,0.03168821334838867,0.06121015548706055
0.5135135135135135,0,0.03225898742675781,0.03225898742675781
0.5138138138138139,0.010378837585449219,0.031242847442626953,0.07707405090332031
0.5141141141141141,0.09376406669616699,0.032440900802612305,0.06382584571838379
0.5144144144144144,0.0007307529449462891,0.03479719161987305,0.05602407455444336
0.5147147147147147,0.0307159423828125,0.06438302993774414,0.08802390098571777
0.515015015015015,0,0.03979015350341797,0.03979015350341797
0.5153153153153153,0,0.046066999435424805,0.046066999435424805
0.5156156156156156,0,0.06867361068725586,0.06867361068725586
0.5159159159159159,0,0.029989004135131836,0.029989004135131836
0.5162162162162163,0.14243197441101074,0.029805898666381836,0.06347393989562988
0.5165165165165165,0.1314988136291504,0.040383100509643555,0.07735514640808105
0.5168168168168168,0,0.03474283218383789,0.03474283218383789
0.5171171171171172,0,0.029912710189819336,0.029912710189819336
0.5174174174174174,0.06860804557800293,0.03326225280761719,0.13225340843200684
0.5177177177177177,0,0.05093121528625488,0.05093121528625488
0.5180180180180181,0,0.03638815879821777,0.03638815879821777
0.5183183183183183,0.0005230903625488281,0.03292393684387207,0.08435869216918945
0.5186186186186186,0.08944010734558105,0.03988194465637207,0.07097125053405762
0.518918918918919,0.13351893424987793,0.033763885498046875,0.0658872127532959
0.5192192192192192,0.2077467441558838,0.02940511703491211,0.07522916793823242
0.5195195195195195,0,0.03003692626953125,0.03003692626953125
0.5198198198198198,0.004547119140625,0.03401923179626465,0.0574493408203125
0.5201201201201201,0.1690540313720703,0.04394197463989258,0.07920289039611816
0.5204204204204204,0.04990196228027344,0.03349018096923828,0.05837106704711914
0.5207207207207207,0,0.030025959014892578,0.030025959014892578
0.521021021021021,0,0.06060290336608887,0.06060290336608887
0.5213213213213214,0.05917215347290039,0.029165029525756836,0.0538480281829834
0.5216216216216216,0.00255584716796875,0.028319120407104492,0.04637718200683594
0.5219219219219219,0,0.06734681129455566,0.06734681129455566
0.5222222222222223,0.03659796714782715,0.03182625770568848,0.05579638481140137
0.5225225225225225,0,0.03302121162414551,0.03302121162414551
0.5228228228228228,0,0.06512212753295898,0.06512212753295898
0.5231231231231231,0.28812193870544434,0.03757619857788086,0.09874916076660156
0.5234234234234234,0.02612471580505371,0.03312993049621582,0.055052995681762695
0.5237237237237238,0,0.07203984260559082,0.07203984260559082
0.524024024024024,0,0.029458999633789062,0.029458999633789062
0.5243243243243243,0,0.029443025588989258,0.029443025588989258
0.5246246246246247,0,0.03240823745727539,0.03240823745727539
0.5249249249249249,0.007246255874633789,0.03173112869262695,0.05196189880371094
0.5252252252252252,0.08068013191223145,0.02903294563293457,0.058447837829589844
0.5255255255255256,0.022848129272460938,0.032865047454833984,0.05475473403930664
0.5258258258258258,0.003968000411987305,0.030853748321533203,0.0497586727142334
0.5261261261261261,0,0.02827596664428711,0.02827596664428711
0.5264264264264265,0,0.028636932373046875,0.028636932373046875
0.5267267267267267,0.1979048252105713,0.029448986053466797,0.0749509334564209
0.527027027027027,0.1558089256286621,0.037007808685302734,0.07291674613952637
0.5273273273273273,0.023064136505126953,0.03096604347229004,0.05328226089477539
0.5276276276276276,0.04708600044250488,0.028533935546875,0.051162004470825195
0.5279279279279279,0,0.029703855514526367,0.029703855514526367
0.5282282282282282,0.00557398796081543,0.061688899993896484,0.08040714263916016
0.5285285285285285,0.07613897323608398,0.029033899307250977,0.054445743560791016
0.5288288288288288,0,0.02828383445739746,0.02828383445739746
0.5291291291291291,0.008749961853027344,0.06632709503173828,0.0861959457397461
0.5294294294294294,0.03209400177001953,0.029019832611083984,0.050971031188964844
0.5297297297297298,0.017441987991333008,0.028226852416992188,0.048172950744628906
0.53003003003003,0.034822940826416016,0.08252501487731934,0.10463213920593262
0.5303303303303304,0.04026198387145996,0.03152728080749512,0.0600733757019043
0.5306306306306307,0.057054996490478516,0.03848099708557129,0.06388592720031738
0.5309309309309309,0,0.06648874282836914,0.06648874282836914
0.5312312312312313,0,0.051213979721069336,0.051213979721069336
0.5315315315315315,0.002053976058959961,0.0423579216003418,0.0695340633392334
0.5318318318318318,0,0.07956218719482422,0.07956218719482422
0.5321321321321322,0.04737091064453125,0.03208017349243164,0.05418539047241211
0.5324324324324324,0,0.027776002883911133,0.027776002883911133
0.5327327327327327,0.06847786903381348,0.12035107612609863,0.15051484107971191
0.5330330330330331,0.04416799545288086,0.03289079666137695,0.06027793884277344
0.5333333333333333,0,0.032067060470581055,0.032067060470581055
0.5336336336336336,0.24017691612243652,0.07706189155578613,0.11751675605773926
0.533933933933934,0.10148501396179199,0.03048419952392578,0.05226421356201172
0.5342342342342342,0,0.02719712257385254,0.02719712257385254
0.5345345345345345,0.01574993133544922,0.06419897079467773,0.0835871696472168
0.5348348348348348,0.0025827884674072266,0.027965784072875977,0.044934988021850586
0.5351351351351351,0,0.027350902557373047,0.027350902557373047
0.5354354354354354,0.13077306747436523,0.06311416625976562,0.09632015228271484
0.5357357357357357,0.020315885543823242,0.030839920043945312,0.05442094802856445
0.536036036036036,0.06973004341125488,0.03148603439331055,0.05928802490234375
0.5363363363363363,0.09054017066955566,0.06637883186340332,0.09303474426269531
0.5366366366366366,0.09834694862365723,0.031137704849243164,0.06180691719055176
0.5369369369369369,0.08386087417602539,0.030743837356567383,0.06255483627319336
0.5372372372372373,0.04733014106750488,0.06473708152770996,0.09268617630004883
0.5375375375375375,0.027206897735595703,0.027793169021606445,0.04732036590576172
0.5378378378378379,0.11498308181762695,0.027359962463378906,0.08625197410583496
0.5381381381381382,0.0013129711151123047,0.027443885803222656,0.0459599494934082
0.5384384384384384,0.13982701301574707,0.027390003204345703,0.05899190902709961
0.5387387387387388,0.00613093376159668,0.0314488410949707,0.0522007942199707
0.539039039039039,0.09921789169311523,0.027899742126464844,0.05044364929199219
0.5393393393393393,0.04185795783996582,0.028469085693359375,0.04902005195617676
0.5396396396396397,0.12006235122680664,0.059851884841918945,0.09540772438049316
0.5399399399399399,0.05806374549865723,0.04287004470825195,0.08190011978149414
0.5402402402402402,0.16643023490905762,0.034493207931518555,0.0747232437133789
0.5405405405405406,0,0.06536126136779785,0.06536126136779785
0.5408408408408408,0.07023000717163086,0.028441190719604492,0.05205726623535156
0.5411411411411411,0,0.030649662017822266,0.030649662017822266
0.5414414414414415,0.0989530086517334,0.05949211120605469,0.09056687355041504
0.5417417417417417,0.01468515396118164,0.029281139373779297,0.05093240737915039
0.542042042042042,0,0.02818608283996582,0.02818608283996582
0.5423423423423424,0.04421091079711914,0.06480002403259277,0.0851590633392334
0.5426426426426426,0.10138988494873047,0.03383660316467285,0.06229972839355469
0.5429429429429429,0.005095958709716797,0.037580013275146484,0.06495785713195801
0.5432432432432432,0.28989124298095703,0.12978816032409668,0.18510937690734863
0.5435435435435435,0.18981027603149414,0.02684497833251953,0.07677984237670898
0.5438438438438438,0.11496210098266602,0.026536226272583008,0.058846235275268555
0.5441441441441441,0.13700294494628906,0.09077286720275879,0.13582587242126465
0.5444444444444444,0.18015122413635254,0.036444902420043945,0.07686090469360352
0.5447447447447448,0.21005511283874512,0.030340194702148438,0.06846928596496582
0.545045045045045,0.0064737796783447266,0.058815956115722656,0.07802820205688477
0.5453453453453454,0.07099294662475586,0.026102066040039062,0.0495302677154541
0.5456456456456457,0.016056060791015625,0.02989482879638672,0.050041913986206055
0.5459459459459459,0.05946183204650879,0.06363201141357422,0.09230613708496094
0.5462462462462463,0.3362607955932617,0.029824018478393555,0.08660411834716797
0.5465465465465466,0.16784095764160156,0.03557014465332031,0.07495284080505371
0.5468468468468468,0.0723581314086914,0.06344199180603027,0.09113407135009766
0.5471471471471472,0.0915231704711914,0.027450084686279297,0.058229923248291016
0.5474474474474474,0.008597135543823242,0.029169321060180664,0.08333897590637207
0.5477477477477477,0.2783939838409424,0.031980037689208984,0.08156991004943848
0.5480480480480481,0.23888587951660156,0.029130220413208008,0.0701301097869873
0.5483483483483483,0.05993175506591797,0.02581191062927246,0.07599091529846191
0.5486486486486486,0.22929692268371582,0.02601790428161621,0.0714876651763916
0.548948948948949,0.015573978424072266,0.0298159122467041,0.05055117607116699
0.5492492492492492,0.16109013557434082,0.02526116371154785,0.08387422561645508
0.5495495495495495,0.3043088912963867,0.03043818473815918,0.08818817138671875
0.5498498498498499,0.15458989143371582,0.02867579460144043,0.06729769706726074
0.5501501501501501,0.0021088123321533203,0.029565095901489258,0.08101820945739746
0.5504504504504504,0.02291107177734375,0.034455060958862305,0.057653188705444336
0.5507507507507508,0.005854129791259766,0.029280900955200195,0.04966473579406738
0.551051051051051,0.014033794403076172,0.030812978744506836,0.04982280731201172
0.5513513513513513,0.0005459785461425781,0.026002883911132812,0.04558897018432617
0.5516516516516516,0.09813714027404785,0.03256082534790039,0.07931876182556152
0.5519519519519519,0,0.0948638916015625,0.0948638916015625
0.5522522522522523,0.11724376678466797,0.02887701988220215,0.05563783645629883
0.5525525525525525,0.04644584655761719,0.04430508613586426,0.07309913635253906
0.5528528528528529,0.4549412727355957,0.03943920135498047,0.10451221466064453
0.5531531531531532,0.06364798545837402,0.039051055908203125,0.06940793991088867
0.5534534534534534,0.2714250087738037,0.029336214065551758,0.07136797904968262
0.5537537537537538,0.1564350128173828,0.025491952896118164,0.06019711494445801
0.5540540540540541,0.012589693069458008,0.024116992950439453,0.04372119903564453
0.5543543543543543,0.046642303466796875,0.026026010513305664,0.05000782012939453
0.5546546546546547,0.01375889778137207,0.025534868240356445,0.07843470573425293
0.554954954954955,0.023844242095947266,0.031790733337402344,0.05452084541320801
0.5552552552552552,0,0.024979114532470703,0.024979114532470703
0.5555555555555556,0.06456184387207031,0.026770353317260742,0.07426142692565918
0.5558558558558558,0.00892186164855957,0.025728940963745117,0.04506373405456543
0.5561561561561561,0,0.02575993537902832,0.02575993537902832
0.5564564564564565,0.2268970012664795,0.024552106857299805,0.07058429718017578
0.5567567567567567,0.09325599670410156,0.05175495147705078,0.08166193962097168
0.557057057057057,0.2293999195098877,0.02579975128173828,0.06714057922363281
0.5573573573573574,0.023562192916870117,0.02470993995666504,0.04460597038269043
0.5576576576576576,0.1432480812072754,0.0572972297668457,0.09421515464782715
0.5579579579579579,0.10370397567749023,0.024855852127075195,0.05128788948059082
0.5582582582582583,0.0003228187561035156,0.02540898323059082,0.07222390174865723
0.5585585585585585,0.23021268844604492,0.025902986526489258,0.06380796432495117
0.5588588588588589,0.01562666893005371,0.025344133377075195,0.04501938819885254
0.5591591591591591,0.22681403160095215,0.0253140926361084,0.08912205696105957
0.5594594594594594,0.10222530364990234,0.02502298355102539,0.053320884704589844
0.5597597597597598,0.2781100273132324,0.024580001831054688,0.07186698913574219
0.56006006006006,0.024860858917236328,0.025625228881835938,0.04719114303588867
0.5603603603603604,0.005179166793823242,0.05053377151489258,0.0677487850189209
0.5606606606606607,0.0014829635620117188,0.0252840518951416,0.043615102767944336
0.5609609609609609,0.1255638599395752,0.024458885192871094,0.0523829460144043
0.5612612612612613,0,0.052262306213378906,0.052262306213378906
0.5615615615615616,0,0.02494978904724121,0.02494978904724121
0.5618618618618618,0.011915206909179688,0.048767805099487305,0.07665061950683594
0.5621621621621622,0.13245010375976562,0.055271148681640625,0.0833883285522461
0.5624624624624625,0.06949687004089355,0.025719165802001953,0.04800009727478027
0.5627627627627627,0.019697189331054688,0.026249170303344727,0.047713279724121094
0.5630630630630631,0.004076957702636719,0.05714726448059082,0.07486128807067871
0.5633633633633633,0.1696300506591797,0.02469778060913086,0.05306649208068848
0.5636636636636636,0.22087812423706055,0.028950929641723633,0.066802978515625
0.563963963963964,0.04417705535888672,0.054177045822143555,0.07498645782470703
0.5642642642642642,0.07091617584228516,0.02531719207763672,0.049781084060668945
0.5645645645645645,0,0.026259899139404297,0.026259899139404297
0.5648648648648649,0.1278977394104004,0.054120779037475586,0.08219790458679199
0.5651651651651651,0.03052496910095215,0.023717164993286133,0.04398202896118164
0.5654654654654654,0.10004472732543945,0.024129867553710938,0.055861711502075195
0.5657657657657658,0.1636669635772705,0.05698990821838379,0.09876179695129395
0.566066066066066,0.18471002578735352,0.024717092514038086,0.06140017509460449
0.5663663663663664,0.0007610321044921875,0.02437901496887207,0.0424191951751709
0.5666666666666667,0.1415698528289795,0.05222320556640625,0.07402515411376953
0.5669669669669669,0.15731215476989746,0.02409195899963379,0.048690080642700195
0.5672672672672673,0.1532149314880371,0.023988962173461914,0.06100201606750488
0.5675675675675675,0.017449140548706055,0.052243947982788086,0.07170510292053223
0.5678678678678679,0.33129072189331055,0.025035858154296875,0.08008885383605957
0.5681681681681682,0.17127203941345215,0.025192975997924805,0.05924105644226074
0.5684684684684684,0.0005090236663818359,0.05297207832336426,0.07044291496276855
0.5687687687687688,0.027975082397460938,0.02411508560180664,0.046327829360961914
0.5690690690690691,0.22347068786621094,0.023059844970703125,0.054132938385009766
0.5693693693693693,0.1117250919342041,0.056488037109375,0.08785200119018555
0.5696696696696697,0.21908998489379883,0.024274110794067383,0.06419920921325684
0.56996996996997,0.35080909729003906,0.024024009704589844,0.07628989219665527
0.5702702702702702,0.058244943618774414,0.053134918212890625,0.0743398666381836
0.5705705705705706,0.21070313453674316,0.024125099182128906,0.06206917762756348
0.5708708708708709,0.04883313179016113,0.022965669631958008,0.04836845397949219
0.5711711711711711,0.004880189895629883,0.05160713195800781,0.0700681209564209
0.5714714714714715,0.0003707408905029297,0.023209810256958008,0.04059576988220215
0.5717717717717717,0.08279681205749512,0.02435135841369629,0.04951739311218262
0.572072072072072,0.04125380516052246,0.051062822341918945,0.07247400283813477
0.5723723723723724,0.24033522605895996,0.023159027099609375,0.06002616882324219
0.5726726726726726,0.16402196884155273,0.02324080467224121,0.055275917053222656
0.5729729729729729,0.010532855987548828,0.05001401901245117,0.0681149959564209
0.5732732732732733,0.16901397705078125,0.022693872451782227,0.05059695243835449
0.5735735735735735,0.08173584938049316,0.023146867752075195,0.04981589317321777
0.5738738738738739,0.17064595222473145,0.05158495903015137,0.08826708793640137
0.5741741741741742,0.06814694404602051,0.023333072662353516,0.047276973724365234
0.5744744744744744,0.020790815353393555,0.023576974868774414,0.041727304458618164
0.5747747747747748,0.02727222442626953,0.05311417579650879,0.07428121566772461
0.575075075075075,0.011444807052612305,0.023435115814208984,0.04243588447570801
0.5753753753753754,0.10857987403869629,0.02417778968811035,0.04947304725646973
0.5756756756756757,0.10679507255554199,0.0528867244720459,0.08358263969421387
0.5759759759759759,0,0.023858070373535156,0.023858070373535156
0.5762762762762763,0.09346199035644531,0.023450136184692383,0.04666709899902344
0.5765765765765766,0.0036401748657226562,0.023218870162963867,0.0719459056854248
0.5768768768768768,0.0054666996002197266,0.022114038467407227,0.03996014595031738
0.5771771771771772,0.025423049926757812,0.02303004264831543,0.04298114776611328
0.5774774774774775,0.05613398551940918,0.024446964263916016,0.04759097099304199
0.5777777777777777,0.012903928756713867,0.023591041564941406,0.04254412651062012
0.5780780780780781,0.2227010726928711,0.02262282371520996,0.06160283088684082
0.5783783783783784,0.02691507339477539,0.024873971939086914,0.07098078727722168
0.5786786786786786,0.009290933609008789,0.023398876190185547,0.043203115463256836
0.578978978978979,0.23661589622497559,0.023010969161987305,0.061569929122924805
0.5792792792792792,0.02749490737915039,0.0231931209564209,0.044367074966430664
0.5795795795795795,0.2772808074951172,0.04781985282897949,0.09349370002746582
0.5798798798798799,0.0006299018859863281,0.021481037139892578,0.039913177490234375
0.5801801801801801,0.09461188316345215,0.023940086364746094,0.047441959381103516
0.5804804804804804,0.018802881240844727,0.0520319938659668,0.07337713241577148
0.5807807807807808,0.001191854476928711,0.02377486228942871,0.04095578193664551
0.581081081081081,0.02999114990234375,0.023400068283081055,0.045768022537231445
0.5813813813813814,0.12009716033935547,0.04974079132080078,0.07924008369445801
0.5816816816816817,0.018338918685913086,0.023055076599121094,0.04239630699157715
0.5819819819819819,0.3046579360961914,0.022099971771240234,0.06299495697021484
0.5822822822822823,0.1600341796875,0.05037403106689453,0.08097076416015625
0.5825825825825826,0.03286314010620117,0.02254796028137207,0.0434107780456543
0.5828828828828829,0.10888910293579102,0.022346973419189453,0.04619598388671875
0.5831831831831832,0.002096891403198242,0.052025794982910156,0.07061004638671875
0.5834834834834834,0.0057489871978759766,0.023073911666870117,0.04220700263977051
0.5837837837837838,0.05975699424743652,0.023003816604614258,0.04544496536254883
0.5840840840840841,0.0028748512268066406,0.0615689754486084,0.08000493049621582
0.5843843843843843,0.2964770793914795,0.022521018981933594,0.0490260124206543
0.5846846846846847,0.11657428741455078,0.020624160766601562,0.04600024223327637
0.584984984984985,0.3148500919342041,0.02213311195373535,0.0872352123260498
0.5852852852852852,0.29154109954833984,0.023834943771362305,0.07028794288635254
0.5855855855855856,0.3007948398590088,0.023070812225341797,0.05846762657165527
0.5858858858858859,0.32993316650390625,0.022761106491088867,0.09157323837280273
0.5861861861861861,0.07912087440490723,0.022351980209350586,0.043473005294799805
0.5864864864864865,0.0015130043029785156,0.021019935607910156,0.0389251708984375
0.5867867867867868,0.36992812156677246,0.021867036819458008,0.06847071647644043
0.587087087087087,0.057556867599487305,0.04860401153564453,0.07028388977050781
0.5873873873873874,0,0.023448944091796875,0.023448944091796875
0.5876876876876876,0.06373381614685059,0.022209882736206055,0.045633792877197266
0.5879879879879879,0.22176313400268555,0.05376577377319336,0.09299993515014648
0.5882882882882883,0.27249789237976074,0.022305011749267578,0.06514215469360352
0.5885885885885885,0.010976076126098633,0.0211639404296875,0.04018902778625488
0.5888888888888889,0,0.04940533638000488,0.04940533638000488
0.5891891891891892,0.011087894439697266,0.021257877349853516,0.04024100303649902
0.5894894894894895,0.058861732482910156,0.022028207778930664,0.046256303787231445
0.5897897897897898,0.29174089431762695,0.021633148193359375,0.10132789611816406
0.5900900900900901,0.05140185356140137,0.021474123001098633,0.0427548885345459
0.5903903903903904,0.003776073455810547,0.022196054458618164,0.04042196273803711
0.5906906906906907,0.007173776626586914,0.022602081298828125,0.040537357330322266
0.590990990990991,0.4028491973876953,0.04937481880187988,0.10889077186584473
0.5912912912912913,0.010237932205200195,0.021721839904785156,0.04079866409301758
0.5915915915915916,0.024930715560913086,0.022043228149414062,0.03998851776123047
0.5918918918918918,0.03517603874206543,0.04808974266052246,0.06821298599243164
0.5921921921921922,0.0323491096496582,0.022562026977539062,0.04367375373840332
0.5924924924924925,0.14825201034545898,0.022043228149414062,0.04809927940368652
0.5927927927927927,0.005545854568481445,0.04856610298156738,0.06656503677368164
0.5930930930930931,0.35515499114990234,0.021419048309326172,0.07245206832885742
0.5933933933933934,0.07421207427978516,0.02138495445251465,0.0416111946105957
0.5936936936936936,0.03727912902832031,0.04974794387817383,0.07263374328613281
0.593993993993994,0.010987997055053711,0.02162909507751465,0.038893938064575195
0.5942942942942943,0.25418806076049805,0.02140498161315918,0.06281614303588867
0.5945945945945945,0.1423509120941162,0.0594172477722168,0.09566831588745117
0.5948948948948949,0.032315731048583984,0.0237581729888916,0.04503011703491211
0.5951951951951951,0.006356954574584961,0.021527767181396484,0.038487911224365234
0.5954954954954954,0.1515030860900879,0.020105838775634766,0.04540872573852539
0.5957957957957958,0.0015330314636230469,0.02149820327758789,0.03919720649719238
0.596096096096096,0.15097999572753906,0.022510051727294922,0.05134701728820801
0.5963963963963964,0.008706092834472656,0.020181894302368164,0.03767800331115723
0.5966966966966967,0.4266221523284912,0.05037283897399902,0.10879063606262207
0.596996996996997,0.07417917251586914,0.021168947219848633,0.046311140060424805
0.5972972972972973,0.06476211547851562,0.022075176239013672,0.05266094207763672
0.5975975975975976,0.3724946975708008,0.05180501937866211,0.10545492172241211
0.5978978978978979,0.003256082534790039,0.02050018310546875,0.038683176040649414
0.5981981981981982,0.1477832794189453,0.020323753356933594,0.0489046573638916
0.5984984984984985,0.05647993087768555,0.05081605911254883,0.07053899765014648
0.5987987987987988,0.005487918853759766,0.018691062927246094,0.03598785400390625
0.5990990990990991,0.2895340919494629,0.019620180130004883,0.05949711799621582
0.5993993993993993,0.05706906318664551,0.060717105865478516,0.08667588233947754
0.5996996996996997,0.3944668769836426,0.03644275665283203,0.09261274337768555
0.6,0.02815103530883789,0.02786397933959961,0.0560758113861084
0.6003003003003002,0.1957237720489502,0.02808403968811035,0.05654025077819824
0.6006006006006006,0.006317138671875,0.01872992515563965,0.035639047622680664
0.6009009009009009,0.1787419319152832,0.02041172981262207,0.05357050895690918
0.6012012012012011,0.016602754592895508,0.02149510383605957,0.04081416130065918
0.6015015015015015,0.0006167888641357422,0.05146288871765137,0.0696561336517334
0.6018018018018018,0.059626102447509766,0.02165818214416504,0.04678630828857422
0.602102102102102,0.24266672134399414,0.026762008666992188,0.07041192054748535
0.6024024024024024,0.03516697883605957,0.053739070892333984,0.07489609718322754
0.6027027027027027,0.2656888961791992,0.02055501937866211,0.060357093811035156
0.6030030030030029,0,0.02363896369934082,0.02363896369934082
0.6033033033033033,0.37358880043029785,0.02381300926208496,0.06994986534118652
0.6036036036036035,0.4196639060974121,0.02073192596435547,0.06859707832336426
0.6039039039039039,0.47611021995544434,0.019439697265625,0.07773351669311523
0.6042042042042042,0.3305530548095703,0.0202181339263916,0.052506208419799805
0.6045045045045045,0,0.020852088928222656,0.020852088928222656
0.6048048048048048,0.39567995071411133,0.022135019302368164,0.06977105140686035
0.6051051051051051,0.16150403022766113,0.021698951721191406,0.04479789733886719
0.6054054054054054,0.017911911010742188,0.04567313194274902,0.06360912322998047
0.6057057057057057,0.0021371841430664062,0.02097177505493164,0.03890347480773926
0.606006006006006,0.08208370208740234,0.02182602882385254,0.054219961166381836
0.6063063063063063,0.2809610366821289,0.02342700958251953,0.05550098419189453
0.6066066066066066,0.026927947998046875,0.020698070526123047,0.0395047664642334
0.6069069069069069,0.22216796875,0.018262863159179688,0.06067705154418945
0.6072072072072072,0.013620853424072266,0.018558979034423828,0.0376739501953125
0.6075075075075075,0.02786087989807129,0.04851794242858887,0.06809568405151367
0.6078078078078077,0.41075897216796875,0.02104806900024414,0.06695199012756348
0.6081081081081081,0.1895592212677002,0.019289016723632812,0.041220903396606445
0.6084084084084084,0.3732028007507324,0.04611706733703613,0.07553434371948242
0.6087087087087086,0.4630451202392578,0.018475055694580078,0.07446408271789551
0.609009009009009,0.0002620220184326172,0.02085399627685547,0.03751087188720703
0.6093093093093093,0.05263400077819824,0.01823711395263672,0.04025101661682129
0.6096096096096095,0.11952614784240723,0.02138495445251465,0.04758095741271973
0.6099099099099099,0.23879194259643555,0.02025604248046875,0.046257972717285156
0.6102102102102102,0.3229048252105713,0.01812005043029785,0.0529942512512207
0.6105105105105104,0.219069242477417,0.04857301712036133,0.08704876899719238
0.6108108108108108,0.06100797653198242,0.020904064178466797,0.041915178298950195
0.611111111111111,0.07460188865661621,0.020858049392700195,0.045986175537109375
0.6114114114114114,0.2502272129058838,0.04425406455993652,0.07477998733520508
0.6117117117117117,0.5277938842773438,0.01838207244873047,0.07120680809020996
0.612012012012012,0.13203191757202148,0.01848292350769043,0.05087900161743164
0.6123123123123123,0.48949718475341797,0.019498109817504883,0.10669612884521484
0.6126126126126126,0.07426595687866211,0.020843029022216797,0.045979976654052734
0.6129129129129129,0.2610042095184326,0.019577980041503906,0.05954909324645996
0.6132132132132132,0.014684915542602539,0.020325183868408203,0.03879427909851074
0.6135135135135135,0.005280017852783203,0.04865527153015137,0.06818914413452148
0.6138138138138138,0.0011577606201171875,0.021104097366333008,0.04050612449645996
0.6141141141141141,0.023614168167114258,0.021572113037109375,0.04226517677307129
0.6144144144144144,0.40050506591796875,0.0651082992553711,0.10864830017089844
0.6147147147147147,0.021983861923217773,0.02139902114868164,0.040641069412231445
0.615015015015015,0.0024750232696533203,0.019685745239257812,0.0369877815246582
0.6153153153153152,0.18248391151428223,0.018097877502441406,0.07123470306396484
0.6156156156156156,0.2438039779663086,0.019652128219604492,0.050919294357299805
0.6159159159159159,0.08577704429626465,0.01973867416381836,0.04645180702209473
0.6162162162162161,0.25656890869140625,0.019182920455932617,0.05907583236694336
0.6165165165165165,0.25580596923828125,0.08933377265930176,0.11187577247619629
0.6168168168168168,0.13789606094360352,0.01705002784729004,0.04260993003845215
0.617117117117117,0.022871971130371094,0.02010488510131836,0.03740215301513672
0.6174174174174174,0.0005850791931152344,0.018921852111816406,0.06366991996765137
0.6177177177177177,0.011376142501831055,0.018435955047607422,0.03549385070800781
0.6180180180180179,0.38448500633239746,0.018121004104614258,0.05575394630432129
0.6183183183183183,0.03036808967590332,0.020106077194213867,0.03811907768249512
0.6186186186186186,0.027268171310424805,0.042931318283081055,0.06284213066101074
0.6189189189189189,0.5163178443908691,0.01749420166015625,0.06219339370727539
0.6192192192192192,0.5116667747497559,0.018444061279296875,0.0632181167602539
0.6195195195195196,0.016798973083496094,0.020823001861572266,0.03908181190490723
0.6198198198198198,0.11252117156982422,0.020837783813476562,0.04327797889709473
0.6201201201201201,0.10096311569213867,0.017531871795654297,0.040558815002441406
0.6204204204204204,0.4006032943725586,0.01908421516418457,0.06745100021362305
0.6207207207207207,0.16359496116638184,0.04381990432739258,0.07593011856079102
0.621021021021021,0.13028502464294434,0.019595861434936523,0.041463613510131836
0.6213213213213213,0.06599116325378418,0.018337011337280273,0.042658090591430664
0.6216216216216216,0.4806540012359619,0.044677019119262695,0.09100818634033203
0.6219219219219219,0.47820329666137695,0.019975900650024414,0.06392669677734375
0.6222222222222222,0.00048279762268066406,0.017998695373535156,0.035411834716796875
0.6225225225225225,0.03977203369140625,0.01761317253112793,0.03564023971557617
0.6228228228228228,0.17288684844970703,0.01752781867980957,0.04120206832885742
0.6231231231231231,0.23096513748168945,0.01733684539794922,0.04797172546386719
0.6234234234234234,0.14814281463623047,0.01704883575439453,0.03608202934265137
0.6237237237237236,0.3785531520843506,0.04461407661437988,0.09160089492797852
0.624024024024024,0.0006539821624755859,0.01846766471862793,0.0349576473236084
0.6243243243243243,0.04498910903930664,0.018527984619140625,0.03812694549560547
0.6246246246246245,0.004625797271728516,0.01800704002380371,0.034230947494506836
0.6249249249249249,0.3192577362060547,0.016869783401489258,0.05457592010498047
0.6252252252252252,0.013749837875366211,0.01906585693359375,0.04061174392700195
0.6255255255255254,0.606328010559082,0.01892399787902832,0.06639480590820312
0.6258258258258258,0.0004429817199707031,0.0454709529876709,0.0615839958190918
0.6261261261261261,0.0693361759185791,0.01659679412841797,0.0349428653717041
0.6264264264264264,0.1511380672454834,0.02096414566040039,0.05021810531616211
0.6267267267267267,0.2891807556152344,0.022284984588623047,0.046948909759521484
0.6270270270270271,0.09785699844360352,0.01927804946899414,0.04189896583557129
0.6273273273273273,0.023505687713623047,0.018594026565551758,0.03621387481689453
0.6276276276276276,0.5955550670623779,0.016077041625976562,0.07365822792053223
0.627927927927928,0.19036388397216797,0.05077505111694336,0.0836021900177002
0.6282282282282282,0.1547107696533203,0.01913285255432129,0.04990983009338379
0.6285285285285285,0.15935111045837402,0.019453048706054688,0.048539161682128906
0.6288288288288288,0.30623388290405273,0.0260469913482666,0.07728695869445801
0.6291291291291291,0.4123060703277588,0.05007600784301758,0.0959770679473877
0.6294294294294294,0.05232095718383789,0.03402090072631836,0.06429290771484375
0.6297297297297297,0.5783748626708984,0.021750926971435547,0.06675171852111816
0.63003003003003,0.0028450489044189453,0.04888296127319336,0.0688319206237793
0.6303303303303303,0.0009989738464355469,0.020353078842163086,0.039602041244506836
0.6306306306306306,0.016009807586669922,0.020344972610473633,0.04230690002441406
0.6309309309309309,0.06554293632507324,0.020344018936157227,0.077484130859375
0.6312312312312311,0.036850929260253906,0.019103050231933594,0.040070295333862305
0.6315315315315315,0.40891599655151367,0.016926050186157227,0.04947328567504883
0.6318318318318318,0.012407064437866211,0.02011704444885254,0.039916276931762695
0.632132132132132,0.11719107627868652,0.048313140869140625,0.0725870132446289
0.6324324324324324,0.015568971633911133,0.019886255264282227,0.039246320724487305
0.6327327327327327,0.012424945831298828,0.017384052276611328,0.03591513633728027
0.633033033033033,0,0.017316102981567383,0.017316102981567383
0.6333333333333333,0.13063621520996094,0.04925417900085449,0.07692098617553711
0.6336336336336336,0.14495110511779785,0.02057790756225586,0.044690847396850586
0.6339339339339339,0.6311397552490234,0.01916337013244629,0.07378149032592773
0.6342342342342342,0.04648780822753906,0.019236087799072266,0.07340598106384277
0.6345345345345346,0.0196380615234375,0.01932692527770996,0.03896975517272949
0.6348348348348348,0.18938302993774414,0.018377065658569336,0.041288137435913086
0.6351351351351351,0.07030081748962402,0.01843094825744629,0.03911590576171875
0.6354354354354355,0.0911262035369873,0.04125189781188965,0.06010699272155762
0.6357357357357357,0.53680419921875,0.015798091888427734,0.05924510955810547
0.636036036036036,0.4669148921966553,0.020939111709594727,0.05233621597290039
0.6363363363363364,0.021759033203125,0.014899969100952148,0.03145480155944824
0.6366366366366366,0.24004006385803223,0.04998517036437988,0.08385515213012695
0.6369369369369369,0.0017910003662109375,0.01698589324951172,0.034980058670043945
0.6372372372372372,0.12602496147155762,0.017189979553222656,0.03798103332519531
0.6375375375375375,0.2851099967956543,0.014844179153442383,0.07251811027526855
0.6378378378378378,0.48079586029052734,0.01845717430114746,0.05576014518737793
0.6381381381381381,0.517158031463623,0.01891613006591797,0.07593822479248047
0.6384384384384384,0.012369155883789062,0.01920294761657715,0.038388729095458984
0.6387387387387387,0.19263577461242676,0.0583651065826416,0.10143327713012695
0.639039039039039,0.16694402694702148,0.020437955856323242,0.0435481071472168
0.6393393393393393,0.1422290802001953,0.017225980758666992,0.04052090644836426
0.6396396396396395,0.3644578456878662,0.016407012939453125,0.08074212074279785
0.6399399399399399,0.011584043502807617,0.01777195930480957,0.035916805267333984
0.6402402402402402,0.5948486328125,0.018703222274780273,0.08088231086730957
0.6405405405405405,0.24299979209899902,0.024351835250854492,0.0834200382232666
0.6408408408408408,0.2720789909362793,0.04932689666748047,0.07854485511779785
0.6411411411411411,0.14807415008544922,0.019429922103881836,0.043788909912109375
0.6414414414414414,0.07600784301757812,0.015790939331054688,0.03893399238586426
0.6417417417417417,0.03701901435852051,0.016637086868286133,0.038598060607910156
0.6420420420420421,0.3031117916107178,0.043974876403808594,0.07669782638549805
0.6423423423423423,0.24233293533325195,0.02068185806274414,0.04593992233276367
0.6426426426426426,0.2843818664550781,0.019567012786865234,0.04083585739135742
0.642942942942943,0.06524896621704102,0.015829801559448242,0.06190967559814453
0.6432432432432432,0.007638216018676758,0.017601966857910156,0.035446882247924805
0.6435435435435435,0.15567708015441895,0.01758289337158203,0.03709769248962402
0.6438438438438439,0.003063201904296875,0.017473936080932617,0.03573870658874512
0.6441441441441441,0.006454944610595703,0.041274070739746094,0.05648207664489746
0.6444444444444444,0.024080276489257812,0.01652693748474121,0.03375387191772461
0.6447447447447447,0.1950840950012207,0.016977310180664062,0.04254412651062012
0.645045045045045,0.19537806510925293,0.015043258666992188,0.03966641426086426
0.6453453453453453,0.22557306289672852,0.051191091537475586,0.08804106712341309
0.6456456456456456,0.28998708724975586,0.01996612548828125,0.04677414894104004
0.6459459459459459,0.32559990882873535,0.017666101455688477,0.04528617858886719
0.6462462462462462,0.42315101623535156,0.01770806312561035,0.05659317970275879
0.6465465465465465,0.056819915771484375,0.04662013053894043,0.06519818305969238
0.6468468468468468,0.002998828887939453,0.01711106300354004,0.03540396690368652
0.647147147147147,0.31769514083862305,0.017125844955444336,0.09536385536193848
0.6474474474474474,0.4611389636993408,0.021824121475219727,0.0571901798248291
0.6477477477477477,0.2830810546875,0.01440286636352539,0.04691791534423828
0.648048048048048,0.24625205993652344,0.015989065170288086,0.039520263671875
0.6483483483483483,0.02906179428100586,0.01564478874206543,0.03175973892211914
0.6486486486486486,0.1702251434326172,0.04467606544494629,0.0705721378326416
0.648948948948949,0.0188751220703125,0.013811111450195312,0.02964019775390625
0.6492492492492492,0.19626593589782715,0.01595282554626465,0.03568887710571289
0.6495495495495496,0.04416203498840332,0.01629638671875,0.03444838523864746
0.6498498498498498,0.04662609100341797,0.04383087158203125,0.05987191200256348
0.6501501501501501,0.19555306434631348,0.015592813491821289,0.03396964073181152
0.6504504504504505,0.6009528636932373,0.014596939086914062,0.06281399726867676
0.6507507507507507,0.21645283699035645,0.0171511173248291,0.05040431022644043
0.651051051051051,0.08144569396972656,0.047720909118652344,0.06954002380371094
0.6513513513513514,0.22792506217956543,0.017699003219604492,0.05694913864135742
0.6516516516516516,0.004005908966064453,0.015467166900634766,0.030163288116455078
0.6519519519519519,0.0014710426330566406,0.014447927474975586,0.028577089309692383
0.6522522522522523,0.03931903839111328,0.039440155029296875,0.05559396743774414
0.6525525525525525,0.06560611724853516,0.015312910079956055,0.03425765037536621
0.6528528528528528,0.002974987030029297,0.014863252639770508,0.031855106353759766
0.6531531531531531,0.24745798110961914,0.014638900756835938,0.06469011306762695
0.6534534534534534,0.5880048274993896,0.014490842819213867,0.04378390312194824
0.6537537537537537,0.03405165672302246,0.01690196990966797,0.03471684455871582
0.654054054054054,0.5347850322723389,0.016354799270629883,0.06007051467895508
0.6543543543543543,0.00035190582275390625,0.014721870422363281,0.05588269233703613
0.6546546546546546,0.5205609798431396,0.014959096908569336,0.04583001136779785
0.6549549549549549,0.2268543243408203,0.016829729080200195,0.04345369338989258
0.6552552552552553,0.43588900566101074,0.01544499397277832,0.0507359504699707
0.6555555555555554,0.28525304794311523,0.038912057876586914,0.08025097846984863
0.6558558558558558,0.2126021385192871,0.022509098052978516,0.0442960262298584
0.6561561561561562,0.0317540168762207,0.017230987548828125,0.03501319885253906
0.6564564564564563,0.002025127410888672,0.015932083129882812,0.03378796577453613
0.6567567567567567,0.2260289192199707,0.04944205284118652,0.07345247268676758
0.6570570570570571,0.07946920394897461,0.014439821243286133,0.03299355506896973
0.6573573573573573,0.15481090545654297,0.01577019691467285,0.07369422912597656
0.6576576576576576,0.31391406059265137,0.028219938278198242,0.06619119644165039
0.657957957957958,0.1420741081237793,0.04477524757385254,0.06359124183654785
0.6582582582582582,0.05671811103820801,0.015731096267700195,0.03418421745300293
0.6585585585585585,0.5933911800384521,0.013178110122680664,0.04869508743286133
0.6588588588588589,0.4937889575958252,0.015015125274658203,0.055335044860839844
0.6591591591591591,0.03057408332824707,0.039794921875,0.055510759353637695
0.6594594594594594,0.4321858882904053,0.01535940170288086,0.044101715087890625
0.6597597597597598,0.0995950698852539,0.014503240585327148,0.03366231918334961
0.66006006006006,0.07059788703918457,0.014540910720825195,0.030736207962036133
0.6603603603603603,0.04125213623046875,0.04055023193359375,0.05676913261413574
0.6606606606606606,0.21172308921813965,0.013824939727783203,0.0351259708404541
0.6609609609609609,0.018330812454223633,0.013178110122680664,0.029737234115600586
0.6612612612612612,0.062390804290771484,0.013772010803222656,0.02832198143005371
0.6615615615615615,0.35591721534729004,0.040511131286621094,0.0652780532836914
0.6618618618618618,0.1448802947998047,0.014598846435546875,0.034352779388427734
0.6621621621621621,0.20910000801086426,0.01382899284362793,0.04856991767883301
0.6624624624624624,0.1684119701385498,0.014036893844604492,0.03257489204406738
0.6627627627627628,0.549976110458374,0.03884482383728027,0.07453584671020508
0.663063063063063,0.32733893394470215,0.013615846633911133,0.0386347770690918
0.6633633633633633,0.2974560260772705,0.014609336853027344,0.04614448547363281
0.6636636636636637,0.25385308265686035,0.013695955276489258,0.04907798767089844
0.6639639639639638,0.39069414138793945,0.03661179542541504,0.06755280494689941
0.6642642642642642,0.17264890670776367,0.014385223388671875,0.03297233581542969
0.6645645645645646,0.13216495513916016,0.01410984992980957,0.03188967704772949
0.6648648648648648,0.33199501037597656,0.013552188873291016,0.039034366607666016
0.6651651651651651,0.03818702697753906,0.0385279655456543,0.05479073524475098
0.6654654654654655,0.4265329837799072,0.012083053588867188,0.04280209541320801
0.6657657657657657,0.422684907913208,0.013122081756591797,0.04263114929199219
0.666066066066066,0.1246042251586914,0.012980937957763672,0.030003786087036133
0.6663663663663664,0.008881807327270508,0.04195094108581543,0.057322025299072266
0.6666666666666666,0.23003005981445312,0.014159917831420898,0.04392290115356445
0.6669669669669669,0.04863309860229492,0.014667034149169922,0.031110763549804688
0.6672672672672673,0.09390592575073242,0.014430999755859375,0.03163719177246094
0.6675675675675675,0.0421297550201416,0.0390019416809082,0.054637908935546875
0.6678678678678678,0.425048828125,0.014638662338256836,0.04994368553161621
0.6681681681681682,0.30327606201171875,0.011752843856811523,0.027544736862182617
0.6684684684684684,0.031141996383666992,0.014686107635498047,0.0335698127746582
0.6687687687687687,0.02235889434814453,0.043737173080444336,0.05971717834472656
0.669069069069069,0.12823796272277832,0.013093948364257812,0.029191017150878906
0.6693693693693693,0.08949613571166992,0.013065099716186523,0.02875518798828125
0.6696696696696696,0.33731627464294434,0.012809991836547852,0.04851484298706055
0.6699699699699699,0.16981005668640137,0.03854012489318848,0.06499409675598145
0.6702702702702703,0.5370621681213379,0.01479482650756836,0.0600285530090332
0.6705705705705705,0.00201416015625,0.013422966003417969,0.029326915740966797
0.6708708708708708,0.00708770751953125,0.013597965240478516,0.028118133544921875
0.6711711711711712,0.6100368499755859,0.03806114196777344,0.08352303504943848
0.6714714714714715,0.04981398582458496,0.012824058532714844,0.028593063354492188
0.6717717717717717,0.05442690849304199,0.01234292984008789,0.028457164764404297
0.6720720720720721,0.22465777397155762,0.012542963027954102,0.034845829010009766
0.6723723723723724,0.055522918701171875,0.03626585006713867,0.051770925521850586
0.6726726726726726,0.00028967857360839844,0.013245820999145508,0.028120040893554688
0.672972972972973,0.30535292625427246,0.012151956558227539,0.035733938217163086
0.6732732732732732,0.053811073303222656,0.014005899429321289,0.031450748443603516
0.6735735735735735,0.09647703170776367,0.040331125259399414,0.0590822696685791
0.6738738738738739,0.22701215744018555,0.013479948043823242,0.033396005630493164
0.6741741741741741,0.08811497688293457,0.013167858123779297,0.0294039249420166
0.6744744744744744,0.03542923927307129,0.012398958206176758,0.02826380729675293
0.6747747747747748,0.16149187088012695,0.06394314765930176,0.08151602745056152
0.675075075075075,0.0665898323059082,0.014413118362426758,0.03299212455749512
0.6753753753753753,0.32916712760925293,0.013091087341308594,0.043035030364990234
0.6756756756756757,0.11528611183166504,0.012819051742553711,0.03096914291381836
0.6759759759759759,0.5162677764892578,0.013415813446044922,0.0444948673248291
0.6762762762762762,0.008227109909057617,0.014877080917358398,0.03007030487060547
0.6765765765765765,0.21712517738342285,0.013265848159790039,0.03516960144042969
0.6768768768768768,0.20867466926574707,0.01046299934387207,0.030289173126220703
0.6771771771771771,0.49948811531066895,0.012318134307861328,0.07688736915588379
0.6774774774774774,0.14560317993164062,0.013010025024414062,0.032618045806884766
0.6777777777777778,0.18810009956359863,0.012552261352539062,0.03428030014038086
0.678078078078078,0.02906012535095215,0.010609149932861328,0.023874998092651367
0.6783783783783783,0.18415403366088867,0.011565923690795898,0.03079700469970703
0.6786786786786787,0.04304814338684082,0.03651928901672363,0.05178236961364746
0.678978978978979,0.09321117401123047,0.011229991912841797,0.02736520767211914
0.6792792792792792,0.03751182556152344,0.013161182403564453,0.029737234115600586
0.6795795795795796,0.35748887062072754,0.012038946151733398,0.03310227394104004
0.6798798798798799,0.001100778579711914,0.03797602653503418,0.05182313919067383
0.6801801801801801,0.49510979652404785,0.012112855911254883,0.03134584426879883
0.6804804804804805,0.1188039779663086,0.013328790664672852,0.03121185302734375
0.6807807807807807,0.18587708473205566,0.013782739639282227,0.033537864685058594
0.681081081081081,0.005663871765136719,0.037663936614990234,0.05245208740234375
0.6813813813813814,0.010717391967773438,0.011120080947875977,0.025101900100708008
0.6816816816816816,0.003068208694458008,0.012532949447631836,0.026561975479125977
0.6819819819819819,0.1354517936706543,0.011374950408935547,0.028241872787475586
0.6822822822822823,0.11872696876525879,0.011987924575805664,0.07764291763305664
0.6825825825825825,0.03702592849731445,0.02679920196533203,0.06074213981628418
0.6828828828828828,0.030211210250854492,0.014368057250976562,0.03272104263305664
0.6831831831831832,0.004182100296020508,0.011982202529907227,0.025733232498168945
0.6834834834834834,0.0008108615875244141,0.012883901596069336,0.0276029109954834
0.6837837837837837,0.44382214546203613,0.03595709800720215,0.06297707557678223
0.684084084084084,0.02339911460876465,0.01149296760559082,0.02672100067138672
0.6843843843843844,0.28799986839294434,0.01168513298034668,0.03746390342712402
0.6846846846846846,0.020155906677246094,0.012202024459838867,0.0281829833984375
0.684984984984985,0.07308793067932129,0.03805899620056152,0.054579973220825195
0.6852852852852853,0.3282511234283447,0.011219024658203125,0.037059783935546875
0.6855855855855855,0.0037271976470947266,0.01295614242553711,0.027897119522094727
0.6858858858858858,0.024361848831176758,0.012529850006103516,0.02839970588684082
0.6861861861861862,0.6642429828643799,0.010840177536010742,0.07039833068847656
0.6864864864864865,0.0331728458404541,0.012747049331665039,0.027974843978881836
0.6867867867867867,0.0789330005645752,0.010949850082397461,0.028753995895385742
0.6870870870870871,0.24121403694152832,0.013437032699584961,0.04749298095703125
0.6873873873873874,0,0.011090278625488281,0.011090278625488281
0.6876876876876876,0.27474117279052734,0.010447978973388672,0.02887582778930664
0.687987987987988,0.3481910228729248,0.013365983963012695,0.03491663932800293
0.6882882882882883,0.04156303405761719,0.012544870376586914,0.028827667236328125
0.6885885885885885,0.1832740306854248,0.012146949768066406,0.033071041107177734
0.6888888888888889,0.0034379959106445312,0.012263059616088867,0.05179286003112793
0.6891891891891891,0.1701340675354004,0.011369943618774414,0.02741074562072754
0.6894894894894894,0.006295204162597656,0.011171102523803711,0.025855302810668945
0.6897897897897898,0.5605020523071289,0.012295007705688477,0.05234408378601074
0.69009009009009,0.18227291107177734,0.012162208557128906,0.030016183853149414
0.6903903903903903,0.1486673355102539,0.03418993949890137,0.050189971923828125
0.6906906906906907,0.0029070377349853516,0.01211404800415039,0.026447057723999023
0.6909909909909909,0.20416808128356934,0.010688066482543945,0.02594900131225586
0.6912912912912912,0.19422101974487305,0.011976957321166992,0.02716803550720215
0.6915915915915916,0.044146060943603516,0.011475086212158203,0.05134224891662598
0.6918918918918919,0.5306928157806396,0.009890079498291016,0.03948688507080078
0.6921921921921921,0.22998785972595215,0.010286092758178711,0.028583288192749023
0.6924924924924925,0.05513715744018555,0.010560035705566406,0.0244140625
0.6927927927927928,0.011590003967285156,0.01063680648803711,0.024482011795043945
0.693093093093093,0.2658050060272217,0.03286623954772949,0.05071735382080078
0.6933933933933933,0.28851795196533203,0.01056218147277832,0.02996039390563965
0.6936936936936937,0.580618143081665,0.012354135513305664,0.053791046142578125
0.693993993993994,0.2732257843017578,0.01028132438659668,0.0276792049407959
0.6942942942942942,0.013541936874389648,0.011301755905151367,0.025110721588134766
0.6945945945945946,0.22771525382995605,0.03549003601074219,0.053845882415771484
0.6948948948948949,0.002207040786743164,0.01198887825012207,0.027415990829467773
0.6951951951951951,0.11584877967834473,0.011074066162109375,0.030192136764526367
0.6954954954954955,0.18461894989013672,0.01084589958190918,0.031494140625
0.6957957957957958,0.012845754623413086,0.03508710861206055,0.0496523380279541
0.696096096096096,0.18623805046081543,0.010122060775756836,0.02779984474182129
0.6963963963963964,0.3017129898071289,0.012051105499267578,0.03658413887023926
0.6966966966966966,0.5556318759918213,0.010610103607177734,0.04047822952270508
0.6969969969969969,0,0.010974884033203125,0.010974884033203125
0.6972972972972973,0.015124082565307617,0.03621029853820801,0.05163431167602539
0.6975975975975975,0.0002028942108154297,0.01214289665222168,0.02647089958190918
0.6978978978978978,0.0002589225769042969,0.01123809814453125,0.024364233016967773
0.6981981981981982,0.5652039051055908,0.009697914123535156,0.03125786781311035
0.6984984984984984,0.15645289421081543,0.010624170303344727,0.028673171997070312
0.6987987987987987,0.00021505355834960938,0.012101173400878906,0.026189088821411133
0.6990990990990991,0.08374404907226562,0.011014223098754883,0.02789449691772461
0.6993993993993994,0.07486200332641602,0.011926889419555664,0.02850794792175293
0.6996996996996996,0.21197962760925293,0.010957956314086914,0.032026052474975586
0.7,0.68361496925354,0.03475594520568848,0.05766701698303223
